,position,height,weight,int_position
0,C-F,82,240.0,1
1,C-F,81,235.0,1
2,C,86,225.0,0
3,G,73,162.0,4
4,F,78,223.0,2
5,F,81,225.0,2
6,F,79,220.0,2
7,G,75,180.0,4
8,F,75,195.0,2
9,F-G,78,190.0,3
10,G,77,185.0,4
11,G,72,183.0,4
12,C-F,83,220.0,1
13,F,78,210.0,2
14,F,79,240.0,2
15,C-F,81,210.0,1
16,F,78,210.0,2
17,F-G,77,210.0,3
18,G,76,220.0,4
19,G,77,209.0,4
20,G,70,162.0,4
21,C,84,255.0,0
22,F-G,79,215.0,3
23,C-F,82,243.0,1
24,G,73,175.0,4
25,F,79,245.0,2
26,G,77,210.0,4
27,G,77,202.0,4
28,F-G,78,232.0,3
29,G,74,190.0,4
30,G,76,175.0,4
31,F,79,230.0,2
32,C,86,248.0,0
33,C-F,82,225.0,1
34,G,71,185.0,4
35,C,85,251.0,0
36,F,80,217.0,2
37,C,81,225.0,0
38,C-F,82,240.0,1
39,C,83,250.0,0
40,C-F,83,260.0,1
41,C,83,260.0,0
42,F,80,245.0,2
43,G,73,185.0,4
44,G,77,205.0,4
45,F,79,240.0,2
46,F,80,230.0,2
47,C-F,81,265.0,1
48,G,74,183.0,4
49,C-F,80,205.0,1
50,F,81,205.0,2
51,C-F,82,234.0,1
52,G,76,184.0,4
53,G,75,192.0,4
54,C-F,81,260.0,1
55,G,74,175.0,4
56,C-F,82,255.0,1
57,F,80,220.0,2
58,G,77,205.0,4
59,F-G,76,213.0,3
60,F,78,230.0,2
61,F,78,195.0,2
62,C,83,250.0,0
63,F,81,220.0,2
64,G,78,225.0,4
65,F,83,225.0,2
66,G,74,171.0,4
67,C,82,260.0,0
68,C-F,82,270.0,1
69,F,80,230.0,2
70,F,81,220.0,2
71,F,81,220.0,2
72,F-G,75,200.0,3
73,C-F,82,245.0,1
74,C,83,245.0,0
75,F-G,78,220.0,3
76,G,74,184.0,4
77,G,78,215.0,4
78,F-G,74,200.0,3
79,C,82,230.0,0
80,G,74,185.0,4
81,G,77,194.0,4
82,G,75,185.0,4
83,F,81,220.0,2
84,C-F,82,230.0,1
85,F,80,195.0,2
86,F-G,78,213.0,3
87,G,77,195.0,4
88,G,78,228.0,4
89,G,72,168.0,4
90,F,79,200.0,2
91,F-G,81,230.0,3
92,G,71,184.0,4
93,F-G,78,205.0,3
94,C-F,82,240.0,1
95,F-G,79,215.0,3
96,F,82,240.0,2
97,F-G,78,208.0,3
98,F-G,79,190.0,3
99,C-F,79,220.0,1
100,C,86,240.0,0
101,F,79,190.0,2
102,C-F,82,252.0,1
103,F,79,225.0,2
104,C,84,249.0,0
105,F-G,83,222.0,3
106,F,79,205.0,2
107,F,80,240.0,2
108,G,72,176.0,4
109,C,81,245.0,0
110,C-F,83,260.0,1
111,F,80,232.0,2
112,G,73,185.0,4
113,C,83,280.0,0
114,F,76,210.0,2
115,F,83,250.0,2
116,G,73,150.0,4
117,G,75,188.0,4
118,C-F,80,215.0,1
119,G,75,191.0,4
120,F,80,215.0,2
121,F-G,76,190.0,3
122,F,81,230.0,2
123,G,74,175.0,4
124,C-F,80,220.0,1
125,G,77,188.0,4
126,F-G,71,170.0,3
127,G,72,170.0,4
128,C-F,83,235.0,1
129,G,75,175.0,4
130,F,77,220.0,2
131,G,74,175.0,4
132,F,77,205.0,2
133,G,74,202.0,4
134,F,81,235.0,2
135,G,76,185.0,4
136,F-G,79,213.0,3
137,C,84,255.0,0
138,F-G,78,210.0,3
139,F-G,79,197.0,3
140,G,74,185.0,4
141,G,74,190.0,4
142,G,71,160.0,4
143,G,72,175.0,4
144,G,70,137.0,4
145,F-G,80,205.0,3
146,G,72,183.0,4
147,F,82,235.0,2
148,C,82,255.0,0
149,G,72,170.0,4
150,F,81,205.0,2
151,F,81,235.0,2
152,G,73,170.0,4
153,G,74,197.0,4
154,C,82,235.0,0
155,C,82,250.0,0
156,F,81,240.0,2
157,G,77,220.0,4
158,G,77,225.0,4
159,F,81,225.0,2
160,C-F,84,240.0,1
161,F-G,74,180.0,3
162,G,78,222.0,4
163,G,75,205.0,4
164,F-G,76,205.0,3
165,C,85,255.0,0
166,G,72,185.0,4
167,C,84,210.0,0
168,F-G,77,185.0,3
169,C-F,81,220.0,1
170,C-F,83,215.0,1
171,G,78,213.0,4
172,C-F,81,250.0,1
173,F,81,220.0,2
174,G,73,175.0,4
175,G,73,175.0,4
176,G,72,180.0,4
177,G,76,220.0,4
178,F,83,232.0,2
179,G,76,202.0,4
180,F,80,208.0,2
181,F,80,210.0,2
182,G,78,190.0,4
183,F,79,215.0,2
184,F,76,195.0,2
185,F-G,79,215.0,3
186,G,74,200.0,4
187,C,82,205.0,0
188,C-F,81,235.0,1
189,C-F,81,200.0,1
190,F,78,210.0,2
191,G,75,194.0,4
192,G,77,190.0,4
193,G,72,185.0,4
194,C-F,84,245.0,1
195,G,74,185.0,4
196,C-F,83,225.0,1
197,F,78,252.0,2
198,G,73,177.0,4
199,C-F,78,200.0,1
200,F,80,210.0,2
201,F,75,205.0,2
202,C-F,80,210.0,1
203,C-F,80,210.0,1
204,F,79,226.0,2
205,F-G,76,190.0,3
206,F-G,76,170.0,3
207,G,75,175.0,4
208,G,73,180.0,4
209,G,76,205.0,4
210,F-G,76,190.0,3
211,F,75,205.0,2
212,G,75,180.0,4
213,G,76,195.0,4
214,G,70,172.0,4
215,F-G,75,180.0,3
216,G,74,155.0,4
217,C,84,250.0,0
218,G,71,163.0,4
219,G,78,185.0,4
220,G,77,191.0,4
221,G,76,195.0,4
222,F,79,205.0,2
223,F,77,195.0,2
224,C,84,230.0,0
225,G,78,175.0,4
226,G,77,215.0,4
227,F,79,190.0,2
228,F,80,250.0,2
229,C-F,80,225.0,1
230,F,81,215.0,2
231,C,83,290.0,0
232,G,76,210.0,4
233,C-F,82,270.0,1
234,F,80,225.0,2
235,C-F,83,230.0,1
236,F,80,220.0,2
237,G,74,175.0,4
238,F,78,210.0,2
239,C,82,240.0,0
240,F-G,76,185.0,3
241,F-G,80,200.0,3
242,F,77,200.0,2
243,G,70,170.0,4
244,F,80,260.0,2
245,G,75,200.0,4
246,F,77,225.0,2
247,F,78,235.0,2
248,C,82,260.0,0
249,G,74,168.0,4
250,F-G,77,201.0,3
251,F,75,200.0,2
252,G,77,207.0,4
253,C,81,200.0,0
254,G,75,185.0,4
255,G,70,175.0,4
256,F-G,77,190.0,3
257,F,82,237.0,2
258,C-F,81,225.0,1
259,G,77,196.0,4
260,F,81,235.0,2
261,C,81,225.0,0
262,G,72,170.0,4
263,C-F,81,225.0,1
264,G,73,190.0,4
265,F-G,76,190.0,3
266,F,79,205.0,2
267,F-G,73,185.0,3
268,F,79,205.0,2
269,C,84,225.0,0
270,C-F,78,185.0,1
271,C-F,81,185.0,1
272,C,79,210.0,0
273,F-G,77,210.0,3
274,G,75,200.0,4
275,F,77,185.0,2
276,F,81,224.0,2
277,G,77,204.0,4
278,G,73,180.0,4
279,G,72,180.0,4
280,C,83,225.0,0
281,F,78,210.0,2
282,F-G,75,185.0,3
283,G,76,185.0,4
284,F,85,225.0,2
285,F,83,202.0,2
286,F,80,245.0,2
287,C,84,250.0,0
288,G,78,200.0,4
289,F,80,245.0,2
290,G,72,170.0,4
291,F,78,235.0,2
292,F,79,200.0,2
293,G,75,190.0,4
294,G,72,175.0,4
295,F,79,210.0,2
296,F,80,220.0,2
297,C,83,240.0,0
298,C,82,235.0,0
299,F,81,235.0,2
300,F-G,71,175.0,3
301,C,80,210.0,0
302,F,80,210.0,2
303,F,80,205.0,2
304,F,80,215.0,2
305,F,82,210.0,2
306,G,71,165.0,4
307,G,71,182.0,4
308,G,73,185.0,4
309,C,89,360.0,0
310,G,74,185.0,4
311,G,75,185.0,4
312,G,71,175.0,4
313,G,73,185.0,4
314,G,73,190.0,4
315,G,73,175.0,4
316,C,83,240.0,0
317,C,79,240.0,0
318,F-G,79,215.0,3
319,C-F,81,215.0,1
320,G,75,202.0,4
321,G,75,180.0,4
322,F,80,235.0,2
323,C-F,81,220.0,1
324,G,78,197.0,4
325,F,78,210.0,2
326,F,81,220.0,2
327,G,75,190.0,4
328,F,75,195.0,2
329,C-F,81,255.0,1
330,F,82,240.0,2
331,C,85,252.0,0
332,C-F,77,200.0,1
333,G,77,185.0,4
334,C-F,81,250.0,1
335,C,82,220.0,0
336,G,78,190.0,4
337,F,78,250.0,2
338,F,78,210.0,2
339,G,72,190.0,4
340,G,76,170.0,4
341,C-F,79,270.0,1
342,G,75,172.0,4
343,G,76,197.0,4
344,G,72,205.0,4
345,G,73,175.0,4
346,G,76,190.0,4
347,F,79,215.0,2
348,F,83,235.0,2
349,G,72,180.0,4
350,G,73,205.0,4
351,G,74,160.0,4
352,C-F,81,207.0,1
353,C-F,78,190.0,1
354,F,81,240.0,2
355,C,84,230.0,0
356,G,76,200.0,4
357,G,76,185.0,4
358,G,72,170.0,4
359,G,76,190.0,4
360,G,76,200.0,4
361,C,84,265.0,0
362,F-G,77,215.0,3
363,G,78,205.0,4
364,F-G,80,216.0,3
365,G,63,136.0,4
366,C,84,260.0,0
367,F,81,220.0,2
368,C,91,200.0,0
369,F,77,205.0,2
370,F,81,235.0,2
371,G,76,195.0,4
372,F,80,220.0,2
373,G,74,175.0,4
374,G,77,200.0,4
375,G,76,185.0,4
376,F,77,192.0,2
377,F,80,215.0,2
378,F,82,235.0,2
379,C,82,230.0,0
380,G,78,206.0,4
381,G,73,185.0,4
382,F,80,228.0,2
383,C-F,82,237.0,1
384,F-G,74,200.0,3
385,C,83,230.0,0
386,F,78,226.0,2
387,F,80,215.0,2
388,C-F,81,258.0,1
389,C,84,240.0,0
390,C-F,77,200.0,1
391,F,80,220.0,2
392,C-F,80,220.0,1
393,F,77,210.0,2
394,C-F,83,235.0,1
395,F,79,225.0,2
396,F,80,225.0,2
397,C-F,81,220.0,1
398,C,84,257.0,0
399,F-G,76,210.0,3
400,F,82,245.0,2
401,F,79,185.0,2
402,F,79,215.0,2
403,C-F,80,220.0,1
404,F-G,78,190.0,3
405,C-F,85,235.0,1
406,C,82,215.0,0
407,G,77,195.0,4
408,C,82,230.0,0
409,G,77,196.0,4
410,G,73,175.0,4
411,G,74,180.0,4
412,F,77,195.0,2
413,G,65,135.0,4
414,C,82,225.0,0
415,F-G,78,185.0,3
416,G,78,207.0,4
417,G,73,175.0,4
418,F,82,230.0,2
419,F,80,210.0,2
420,F,78,215.0,2
421,F,78,190.0,2
422,G,74,180.0,4
423,G,71,165.0,4
424,F-G,77,205.0,3
425,G,77,215.0,4
426,F-G,78,195.0,3
427,F,80,215.0,2
428,G,75,175.0,4
429,C-F,82,245.0,1
430,C,90,235.0,0
431,C-F,83,240.0,1
432,C-F,82,265.0,1
433,F,80,230.0,2
434,F,80,245.0,2
435,C,82,227.0,0
436,F-G,79,185.0,3
437,F,80,275.0,2
438,G,71,180.0,4
439,C-F,77,215.0,1
440,C-F,82,220.0,1
441,F,79,195.0,2
442,G,73,170.0,4
443,G,74,185.0,4
444,F-G,77,180.0,3
445,F,79,215.0,2
446,G,74,185.0,4
447,F,78,205.0,2
448,F,75,195.0,2
449,C,87,230.0,0
450,F-G,81,186.0,3
451,G,76,184.0,4
452,C-F,81,210.0,1
453,G,76,180.0,4
454,F-G,79,220.0,3
455,C,86,252.0,0
456,G,73,180.0,4
457,C-F,81,240.0,1
458,F-G,77,210.0,3
459,C-F,78,228.0,1
460,F,74,195.0,2
461,F,76,175.0,2
462,F-G,77,210.0,3
463,F-G,79,210.0,3
464,G,76,190.0,4
465,G,74,185.0,4
466,C,84,235.0,0
467,G,76,180.0,4
468,F,79,255.0,2
469,G,76,185.0,4
470,G,77,215.0,4
471,G,76,178.0,4
472,F-G,76,185.0,3
473,F,76,190.0,2
474,G,72,161.0,4
475,F-G,78,220.0,3
476,F,78,200.0,2
477,F-G,77,200.0,3
478,F,79,220.0,2
479,G,71,165.0,4
480,F,81,245.0,2
481,F-G,79,210.0,3
482,F,76,205.0,2
483,G,74,175.0,4
484,F,79,214.0,2
485,F,81,200.0,2
486,F,74,175.0,2
487,G,73,160.0,4
488,G,72,185.0,4
489,F,79,225.0,2
490,G,77,220.0,4
491,C,84,244.0,0
492,G,75,182.0,4
493,F,78,190.0,2
494,G,76,210.0,4
495,G,72,155.0,4
496,G,76,215.0,4
497,F-G,79,225.0,3
498,F,79,220.0,2
499,G,79,222.0,4
500,F,83,270.0,2
501,G,69,160.0,4
502,F,75,190.0,2
503,C,83,225.0,0
504,G,77,189.0,4
505,G,75,185.0,4
506,G,75,190.0,4
507,C-F,81,257.0,1
508,G,75,180.0,4
509,C-F,83,225.0,1
510,G,74,190.0,4
511,F,80,220.0,2
512,C-F,82,215.0,1
513,F-G,77,205.0,3
514,C,83,225.0,0
515,G,76,205.0,4
516,F,75,200.0,2
517,G,77,225.0,4
518,G,74,189.0,4
519,F-G,78,185.0,3
520,C,82,235.0,0
521,F,78,210.0,2
522,F,78,208.0,2
523,G,72,160.0,4
524,G,76,190.0,4
525,F-G,79,195.0,3
526,G,73,175.0,4
527,C-F,81,185.0,1
528,F-G,78,212.0,3
529,C-F,81,245.0,1
530,C,82,248.0,0
531,C,84,245.0,0
532,C,81,250.0,0
533,G,75,200.0,4
534,F,79,210.0,2
535,G,78,215.0,4
536,C-F,81,210.0,1
537,G,76,210.0,4
538,G,75,190.0,4
539,F,78,205.0,2
540,F,79,209.0,2
541,C-F,77,220.0,1
542,F-G,78,220.0,3
543,F-G,77,189.0,3
544,F,82,215.0,2
545,F-G,79,205.0,3
546,C,84,240.0,0
547,F,78,190.0,2
548,G,72,170.0,4
549,C-F,79,250.0,1
550,C-F,80,200.0,1
551,G,74,185.0,4
552,C-F,83,250.0,1
553,G,73,191.0,4
554,G,77,175.0,4
555,G,78,214.0,4
556,G,73,200.0,4
557,G,75,205.0,4
558,C,86,225.0,0
559,G,75,190.0,4
560,G,74,180.0,4
561,F,80,260.0,2
562,G,75,195.0,4
563,F-G,79,218.0,3
564,F,77,220.0,2
565,F,80,242.0,2
566,C-F,79,228.0,1
567,F,78,225.0,2
568,F-G,80,210.0,3
569,G,74,185.0,4
570,G,76,190.0,4
571,F,80,215.0,2
572,G,74,200.0,4
573,G,74,175.0,4
574,F,79,228.0,2
575,C,83,240.0,0
576,C-F,82,250.0,1
577,F-G,80,236.0,3
578,G,74,170.0,4
579,F-G,77,210.0,3
580,F-G,79,215.0,3
581,G,75,190.0,4
582,F,79,220.0,2
583,C,84,285.0,0
584,G,72,185.0,4
585,F,79,205.0,2
586,F,79,215.0,2
587,F-G,75,175.0,3
588,F,73,170.0,2
589,F,83,235.0,2
590,F,79,175.0,2
591,F,81,218.0,2
592,F,80,255.0,2
593,C-F,81,224.0,1
594,G,73,175.0,4
595,G,78,213.0,4
596,G,75,200.0,4
597,C-F,80,265.0,1
598,C,82,240.0,0
599,F-G,77,195.0,3
600,G,77,205.0,4
601,F-G,75,180.0,3
602,F,79,210.0,2
603,G,73,165.0,4
604,G,73,180.0,4
605,F,78,180.0,2
606,G,70,145.0,4
607,G,72,165.0,4
608,F,79,224.0,2
609,C-F,83,220.0,1
610,C,83,215.0,0
611,F-G,79,215.0,3
612,G,72,201.0,4
613,G,76,195.0,4
614,C,82,240.0,0
615,F,81,275.0,2
616,F,79,195.0,2
617,F,80,245.0,2
618,G,69,160.0,4
619,C-F,77,195.0,1
620,G,75,180.0,4
621,G,77,210.0,4
622,F-G,77,210.0,3
623,C,83,235.0,0
624,F-G,72,170.0,3
625,G,75,170.0,4
626,F,79,205.0,2
627,C-F,77,200.0,1
628,C-F,81,225.0,1
629,G,76,200.0,4
630,G,77,207.0,4
631,G,75,210.0,4
632,F,79,220.0,2
633,F-G,78,205.0,3
634,G,75,185.0,4
635,F-G,78,195.0,3
636,F,80,215.0,2
637,C-F,84,225.0,1
638,G,78,212.0,4
639,C-F,82,265.0,1
640,G,73,190.0,4
641,G,77,180.0,4
642,F-G,75,185.0,3
643,F-G,76,210.0,3
644,G,77,215.0,4
645,C-F,76,195.0,1
646,G,77,210.0,4
647,G,75,175.0,4
648,G,77,190.0,4
649,F-G,78,220.0,3
650,G,78,190.0,4
651,C,85,245.0,0
652,F,80,220.0,2
653,G,77,186.0,4
654,F,80,215.0,2
655,F,80,230.0,2
656,G,75,185.0,4
657,F,81,225.0,2
658,C-F,81,218.0,1
659,F,80,220.0,2
660,F,78,230.0,2
661,C,83,255.0,0
662,F,81,250.0,2
663,C-F,84,240.0,1
664,C,84,240.0,0
665,F,81,239.0,2
666,C,85,230.0,0
667,F,78,190.0,2
668,G,76,178.0,4
669,F-G,71,170.0,3
670,G,72,180.0,4
671,G,74,190.0,4
672,F,78,188.0,2
673,C,85,275.0,0
674,F,77,185.0,2
675,C-F,82,220.0,1
676,F,82,230.0,2
677,C,85,240.0,0
678,F,80,225.0,2
679,G,77,210.0,4
680,C-F,75,185.0,1
681,G,76,185.0,4
682,F-G,78,190.0,3
683,C-F,80,240.0,1
684,G,75,180.0,4
685,F,79,225.0,2
686,F-G,79,209.0,3
687,G,73,180.0,4
688,G,75,180.0,4
689,G,72,185.0,4
690,F,79,195.0,2
691,C-F,82,230.0,1
692,F-G,80,210.0,3
693,G,74,188.0,4
694,G,75,195.0,4
695,F,74,190.0,2
696,C-F,83,220.0,1
697,F,82,233.0,2
698,G,76,210.0,4
699,C-F,77,210.0,1
700,C,82,255.0,0
701,F-G,78,200.0,3
702,G,77,205.0,4
703,F,81,250.0,2
704,G,75,190.0,4
705,F-G,77,209.0,3
706,G,74,200.0,4
707,F-G,78,195.0,3
708,G,74,175.0,4
709,G,76,210.0,4
710,F,82,225.0,2
711,G,75,175.0,4
712,C-F,83,220.0,1
713,G,76,190.0,4
714,F,79,232.0,2
715,G,77,194.0,4
716,G,76,185.0,4
717,F,81,224.0,2
718,F,76,200.0,2
719,C,84,265.0,0
720,G,71,166.0,4
721,G,75,185.0,4
722,G,74,205.0,4
723,F,78,210.0,2
724,G,78,195.0,4
725,C-F,78,220.0,1
726,C-F,77,195.0,1
727,C,87,212.0,0
728,F-G,74,180.0,3
729,C,82,235.0,0
730,F,79,198.0,2
731,F,78,212.0,2
732,G,75,190.0,4
733,C,84,253.0,0
734,G,74,175.0,4
735,F,81,235.0,2
736,F,82,230.0,2
737,F,80,225.0,2
738,C-F,79,195.0,1
739,F,80,210.0,2
740,G,73,180.0,4
741,C,84,260.0,0
742,G,76,185.0,4
743,F-G,78,190.0,3
744,F-G,78,180.0,3
745,G,76,196.0,4
746,C-F,83,255.0,1
747,C,84,255.0,0
748,G,74,175.0,4
749,F,82,235.0,2
750,G,78,220.0,4
751,G,71,205.0,4
752,C-F,84,232.0,1
753,F-G,78,210.0,3
754,G,72,175.0,4
755,F,82,255.0,2
756,F,77,210.0,2
757,G,72,175.0,4
758,G,75,165.0,4
759,G,74,185.0,4
760,F,80,210.0,2
761,F,77,193.0,2
762,F,81,205.0,2
763,G,77,210.0,4
764,G,73,180.0,4
765,C-F,80,225.0,1
766,G,75,175.0,4
767,G,73,175.0,4
768,F-G,77,200.0,3
769,C-F,82,224.0,1
770,G,77,206.0,4
771,G,76,190.0,4
772,G,76,180.0,4
773,C-F,77,190.0,1
774,G,74,195.0,4
775,C-F,81,205.0,1
776,F-G,75,185.0,3
777,F-G,70,155.0,3
778,F,81,234.0,2
779,G,77,205.0,4
780,G,75,184.0,4
781,C-F,82,215.0,1
782,F,80,210.0,2
783,G,73,190.0,4
784,G,74,184.0,4
785,G,77,196.0,4
786,F,80,230.0,2
787,G,75,175.0,4
788,C-F,81,260.0,1
789,F,77,210.0,2
790,G,73,185.0,4
791,C-F,82,230.0,1
792,F-G,77,170.0,3
793,C-F,82,220.0,1
794,C,82,275.0,0
795,F,81,239.0,2
796,F,78,180.0,2
797,G,78,190.0,4
798,F-G,78,210.0,3
799,G,72,185.0,4
800,C,77,210.0,0
801,G,72,180.0,4
802,C,83,250.0,0
803,G,73,186.0,4
804,F,81,245.0,2
805,G,73,165.0,4
806,C-F,79,200.0,1
807,G,77,220.0,4
808,F,79,225.0,2
809,C-F,84,230.0,1
810,G,73,188.0,4
811,F,80,235.0,2
812,C,83,245.0,0
813,C-F,83,270.0,1
814,G,73,175.0,4
815,F,81,215.0,2
816,C-F,81,230.0,1
817,G,74,180.0,4
818,G,76,180.0,4
819,F,78,215.0,2
820,F-G,78,210.0,3
821,F-G,78,215.0,3
822,F,81,235.0,2
823,F-G,76,189.0,3
824,G,77,200.0,4
825,F,77,210.0,2
826,G,76,195.0,4
827,F,80,200.0,2
828,C,84,235.0,0
829,F,75,215.0,2
830,G,72,185.0,4
831,G,68,165.0,4
832,G,70,150.0,4
833,F,79,233.0,2
834,G,77,200.0,4
835,F-G,76,205.0,3
836,C,82,200.0,0
837,C,83,280.0,0
838,G,76,195.0,4
839,F,81,235.0,2
840,F,82,240.0,2
841,C-F,81,230.0,1
842,C,82,215.0,0
843,G,73,165.0,4
844,G,73,185.0,4
845,G,73,180.0,4
846,F,79,210.0,2
847,F-G,77,214.0,3
848,F,78,235.0,2
849,C-F,79,230.0,1
850,C-F,81,230.0,1
851,F,81,220.0,2
852,G,75,185.0,4
853,C-F,78,210.0,1
854,F,80,230.0,2
855,C,82,245.0,0
856,G,76,195.0,4
857,C,83,250.0,0
858,C,82,275.0,0
859,F,72,198.0,2
860,C-F,81,210.0,1
861,F,81,220.0,2
862,G,72,175.0,4
863,G,76,190.0,4
864,C,84,295.0,0
865,G,75,190.0,4
866,F-G,77,210.0,3
867,G,74,185.0,4
868,G,75,190.0,4
869,C,85,260.0,0
870,G,75,185.0,4
871,C,84,242.0,0
872,F,77,190.0,2
873,G,75,180.0,4
874,C,83,255.0,0
875,F,76,200.0,2
876,C,83,265.0,0
877,G,72,170.0,4
878,F-G,78,195.0,3
879,G,76,195.0,4
880,F,80,214.0,2
881,G,79,205.0,4
882,F-G,78,200.0,3
883,C,81,220.0,0
884,G,76,205.0,4
885,G,77,200.0,4
886,F-G,77,208.0,3
887,C,79,217.0,0
888,G,73,170.0,4
889,C-F,79,235.0,1
890,C,84,265.0,0
891,G,77,210.0,4
892,C-F,82,215.0,1
893,G,70,170.0,4
894,F,80,215.0,2
895,C,84,245.0,0
896,G,75,175.0,4
897,F,81,235.0,2
898,F,82,230.0,2
899,F-G,73,175.0,3
900,F,82,240.0,2
901,C-F,82,253.0,1
902,C-F,81,215.0,1
903,F-G,74,175.0,3
904,G,75,209.0,4
905,F,81,240.0,2
906,F,75,215.0,2
907,F,79,215.0,2
908,G,75,180.0,4
909,F-G,79,200.0,3
910,F,79,215.0,2
911,G,74,160.0,4
912,C-F,83,230.0,1
913,C-F,83,237.0,1
914,F,80,220.0,2
915,F,82,240.0,2
916,G,76,195.0,4
917,C-F,81,289.0,1
918,F,79,220.0,2
919,G,77,183.0,4
920,C-F,81,225.0,1
921,G,74,170.0,4
922,F,80,235.0,2
923,C-F,80,235.0,1
924,F-G,78,195.0,3
925,F-G,79,210.0,3
926,F,78,220.0,2
927,F-G,79,195.0,3
928,G,75,185.0,4
929,F,82,230.0,2
930,F,79,205.0,2
931,C,83,270.0,0
932,G,76,180.0,4
933,C,79,220.0,0
934,G,78,195.0,4
935,F-G,78,198.0,3
936,C-F,81,225.0,1
937,C-F,80,205.0,1
938,F-G,78,193.0,3
939,C-F,78,212.0,1
940,C,80,234.0,0
941,G,77,215.0,4
942,C,83,251.0,0
943,G,74,165.0,4
944,F,77,190.0,2
945,F,78,225.0,2
946,F,81,250.0,2
947,G,72,175.0,4
948,F,79,215.0,2
949,F-G,78,188.0,3
950,F,83,220.0,2
951,F-G,80,220.0,3
952,G,77,200.0,4
953,G,76,190.0,4
954,G,73,180.0,4
955,F-G,78,220.0,3
956,C-F,82,230.0,1
957,C,84,245.0,0
958,F,80,210.0,2
959,C-F,80,205.0,1
960,G,74,190.0,4
961,F,75,175.0,2
962,G,78,209.0,4
963,F,81,230.0,2
964,G,76,185.0,4
965,G,75,190.0,4
966,C-F,81,235.0,1
967,G,78,230.0,4
968,G,73,189.0,4
969,G,76,198.0,4
970,C,78,220.0,0
971,F,77,215.0,2
972,C-F,81,225.0,1
973,G,75,205.0,4
974,G,74,190.0,4
975,F,81,220.0,2
976,F,80,220.0,2
977,G,74,175.0,4
978,G,71,185.0,4
979,C,82,240.0,0
980,G,75,185.0,4
981,G,72,175.0,4
982,F-G,79,221.0,3
983,G,73,170.0,4
984,G,77,195.0,4
985,C-F,78,215.0,1
986,G,76,184.0,4
987,F,81,220.0,2
988,C-F,80,250.0,1
989,F-G,79,225.0,3
990,G,74,192.0,4
991,G,72,190.0,4
992,F,80,215.0,2
993,G,76,190.0,4
994,F-G,77,190.0,3
995,G,75,185.0,4
996,F,79,218.0,2
997,G,73,175.0,4
998,C,82,240.0,0
999,G,73,175.0,4
1000,C,83,241.0,0
1001,C-F,81,222.0,1
1002,C-F,82,220.0,1
1003,G,72,180.0,4
1004,C,83,215.0,0
1005,F,78,230.0,2
1006,G,75,170.0,4
1007,F,75,190.0,2
1008,F,75,180.0,2
1009,G,73,170.0,4
1010,F,77,210.0,2
1011,F-G,76,200.0,3
1012,F,79,220.0,2
1013,G,78,200.0,4
1014,F,80,250.0,2
1015,C,84,300.0,0
1016,F-G,79,189.0,3
1017,G,75,210.0,4
1018,C,85,243.0,0
1019,G,75,164.0,4
1020,G,74,198.0,4
1021,F,77,175.0,2
1022,C,83,262.0,0
1023,G,72,175.0,4
1024,C-F,77,195.0,1
1025,C,86,275.0,0
1026,F-G,74,190.0,3
1027,G,71,171.0,4
1028,G,74,180.0,4
1029,G,75,196.0,4
1030,F,79,230.0,2
1031,F,80,268.0,2
1032,F,76,200.0,2
1033,G,77,183.0,4
1034,G,78,205.0,4
1035,G,75,175.0,4
1036,G,75,195.0,4
1037,G,74,170.0,4
1038,C-F,82,230.0,1
1039,G,72,180.0,4
1040,G,74,195.0,4
1041,G,79,200.0,4
1042,F,79,198.0,2
1043,G,67,155.0,4
1044,G,75,191.0,4
1045,C,78,210.0,0
1046,C,80,225.0,0
1047,F,80,200.0,2
1048,F,81,210.0,2
1049,G,75,190.0,4
1050,F-G,77,200.0,3
1051,C,85,250.0,0
1052,G,74,185.0,4
1053,F-G,78,205.0,3
1054,G,73,170.0,4
1055,G,74,180.0,4
1056,G,79,210.0,4
1057,G,77,215.0,4
1058,F,79,215.0,2
1059,C,83,270.0,0
1060,C,86,250.0,0
1061,C,83,279.0,0
1062,G,73,185.0,4
1063,C,84,275.0,0
1064,G,74,180.0,4
1065,C,83,235.0,0
1066,F-G,79,225.0,3
1067,G,74,180.0,4
1068,F,76,175.0,2
1069,G,75,185.0,4
1070,G,73,185.0,4
1071,F,81,220.0,2
1072,C,84,220.0,0
1073,G,75,190.0,4
1074,G,75,170.0,4
1075,F,79,200.0,2
1076,G,78,190.0,4
1077,C-F,78,195.0,1
1078,C-F,83,250.0,1
1079,G,75,180.0,4
1080,F-G,81,230.0,3
1081,G,76,210.0,4
1082,G,74,170.0,4
1083,F-G,76,192.0,3
1084,F,79,209.0,2
1085,F-G,81,240.0,3
1086,G,75,195.0,4
1087,F,77,188.0,2
1088,F,79,210.0,2
1089,F,79,200.0,2
1090,F,79,190.0,2
1091,G,75,175.0,4
1092,F-G,76,200.0,3
1093,F,80,190.0,2
1094,F,78,225.0,2
1095,G,75,180.0,4
1096,F-G,77,220.0,3
1097,C,83,215.0,0
1098,C-F,82,240.0,1
1099,F,75,190.0,2
1100,F,80,210.0,2
1101,G,63,114.0,4
1102,C,88,275.0,0
1103,G,76,180.0,4
1104,F,81,215.0,2
1105,G,76,190.0,4
1106,F,78,225.0,2
1107,F,81,200.0,2
1108,C,81,220.0,0
1109,F-G,79,218.0,3
1110,C,83,240.0,0
1111,F-G,75,189.0,3
1112,F,80,205.0,2
1113,F,78,210.0,2
1114,F,78,220.0,2
1115,G,77,195.0,4
1116,G,70,152.0,4
1117,F,80,215.0,2
1118,F-G,76,200.0,3
1119,F,81,275.0,2
1120,F,79,220.0,2
1121,G,73,170.0,4
1122,C-F,84,225.0,1
1123,G,76,185.0,4
1124,C,84,275.0,0
1125,G,75,190.0,4
1126,F,79,220.0,2
1127,G,71,180.0,4
1128,G,72,170.0,4
1129,F-G,75,198.0,3
1130,F-G,78,180.0,3
1131,G,75,200.0,4
1132,G,74,177.0,4
1133,C-F,81,270.0,1
1134,G,70,200.0,4
1135,F,74,210.0,2
1136,F-G,77,210.0,3
1137,C,80,230.0,0
1138,F,83,245.0,2
1139,G,76,200.0,4
1140,C-F,81,225.0,1
1141,F,80,205.0,2
1142,F,81,197.0,2
1143,F,77,185.0,2
1144,F-G,79,205.0,3
1145,G,77,200.0,4
1146,F-G,78,175.0,3
1147,F,80,240.0,2
1148,C-F,81,225.0,1
1149,C-F,82,210.0,1
1150,G,75,185.0,4
1151,C-F,81,210.0,1
1152,C-F,81,220.0,1
1153,C,84,235.0,0
1154,G,76,190.0,4
1155,C,82,260.0,0
1156,C-F,84,250.0,1
1157,C-F,80,240.0,1
1158,F,77,230.0,2
1159,F-G,74,200.0,3
1160,C,83,245.0,0
1161,F,80,245.0,2
1162,G,75,175.0,4
1163,F,79,190.0,2
1164,F,76,185.0,2
1165,G,76,195.0,4
1166,G,78,200.0,4
1167,F,78,205.0,2
1168,C-F,77,205.0,1
1169,F,79,210.0,2
1170,G,75,194.0,4
1171,F,78,195.0,2
1172,C,84,240.0,0
1173,F,75,220.0,2
1174,F-G,77,195.0,3
1175,F-G,79,210.0,3
1176,C,83,255.0,0
1177,C-F,77,200.0,1
1178,G,75,198.0,4
1179,G,72,170.0,4
1180,G,74,175.0,4
1181,F,80,220.0,2
1182,F,80,202.0,2
1183,G,72,185.0,4
1184,F,81,200.0,2
1185,G,77,220.0,4
1186,G,73,170.0,4
1187,F,80,245.0,2
1188,F-G,78,220.0,3
1189,G,75,185.0,4
1190,C-F,84,240.0,1
1191,F,80,235.0,2
1192,G,78,190.0,4
1193,F,77,210.0,2
1194,C,83,255.0,0
1195,F-G,75,175.0,3
1196,F-G,73,190.0,3
1197,F,80,205.0,2
1198,F,73,185.0,2
1199,F,80,228.0,2
1200,F-G,76,190.0,3
1201,G,74,180.0,4
1202,G,77,220.0,4
1203,G,76,190.0,4
1204,F,79,210.0,2
1205,F,81,244.0,2
1206,F,77,185.0,2
1207,C,83,260.0,0
1208,C-F,82,265.0,1
1209,F,83,235.0,2
1210,F,78,190.0,2
1211,F-G,75,190.0,3
1212,G,76,185.0,4
1213,C,81,255.0,0
1214,G,75,185.0,4
1215,G,73,185.0,4
1216,C,83,235.0,0
1217,G,69,176.0,4
1218,C-F,82,275.0,1
1219,G,78,201.0,4
1220,F,81,225.0,2
1221,C,83,220.0,0
1222,G,73,205.0,4
1223,G,72,180.0,4
1224,F,75,190.0,2
1225,F-G,79,203.0,3
1226,F-G,79,184.0,3
1227,G,78,185.0,4
1228,C-F,82,205.0,1
1229,F-G,76,190.0,3
1230,C,85,240.0,0
1231,F-G,79,209.0,3
1232,G,72,180.0,4
1233,F-G,74,180.0,3
1234,C-F,80,230.0,1
1235,F,82,230.0,2
1236,C,85,288.0,0
1237,G,75,175.0,4
1238,F-G,77,220.0,3
1239,F,79,210.0,2
1240,F,77,205.0,2
1241,C,85,240.0,0
1242,G,74,185.0,4
1243,C,84,240.0,0
1244,F-G,79,215.0,3
1245,G,73,185.0,4
1246,F,80,220.0,2
1247,C,83,235.0,0
1248,G,73,200.0,4
1249,F,77,215.0,2
1250,G,75,188.0,4
1251,C-F,77,190.0,1
1252,F,74,175.0,2
1253,F,81,262.0,2
1254,F-G,74,190.0,3
1255,F,79,215.0,2
1256,F-G,75,189.0,3
1257,G,77,185.0,4
1258,G,74,200.0,4
1259,F,80,225.0,2
1260,G,75,170.0,4
1261,G,72,185.0,4
1262,G,74,180.0,4
1263,G,77,205.0,4
1264,F,75,170.0,2
1265,G,76,210.0,4
1266,G,76,190.0,4
1267,C,84,265.0,0
1268,G,75,190.0,4
1269,F,79,220.0,2
1270,G,73,190.0,4
1271,F,81,275.0,2
1272,F,79,228.0,2
1273,F-G,77,190.0,3
1274,F,81,215.0,2
1275,G,75,180.0,4
1276,G,74,175.0,4
1277,F,81,225.0,2
1278,F,79,210.0,2
1279,G,72,165.0,4
1280,G,70,175.0,4
1281,C,82,235.0,0
1282,G,76,194.0,4
1283,G,71,185.0,4
1284,F,79,260.0,2
1285,F,77,210.0,2
1286,C-F,83,240.0,1
1287,C-F,83,236.0,1
1288,G,73,175.0,4
1289,G,73,160.0,4
1290,F,82,219.0,2
1291,F-G,79,205.0,3
1292,C-F,81,215.0,1
1293,G,72,175.0,4
1294,C,80,230.0,0
1295,F,80,220.0,2
1296,G,75,170.0,4
1297,G,74,175.0,4
1298,C-F,82,230.0,1
1299,F-G,79,230.0,3
1300,G,76,213.0,4
1301,C,82,250.0,0
1302,G,77,210.0,4
1303,G,75,195.0,4
1304,C-F,82,225.0,1
1305,F-G,72,195.0,3
1306,G,77,191.0,4
1307,F,79,220.0,2
1308,F,79,205.0,2
1309,G,73,170.0,4
1310,G,76,200.0,4
1311,C-F,79,210.0,1
1312,F,79,205.0,2
1313,G,74,195.0,4
1314,G,74,185.0,4
1315,C-F,82,250.0,1
1316,G,75,185.0,4
1317,F,81,210.0,2
1318,F,79,225.0,2
1319,F,82,240.0,2
1320,F,74,195.0,2
1321,F-G,76,185.0,3
1322,G,76,195.0,4
1323,C-F,80,210.0,1
1324,C-F,83,255.0,1
1325,G,75,185.0,4
1326,F,74,175.0,2
1327,G,72,170.0,4
1328,C-F,77,190.0,1
1329,C,81,225.0,0
1330,F,81,240.0,2
1331,C,83,255.0,0
1332,G,76,180.0,4
1333,G,76,195.0,4
1334,F,81,230.0,2
1335,F-G,76,190.0,3
1336,F-G,71,170.0,3
1337,C,83,240.0,0
1338,F,81,250.0,2
1339,C-F,78,195.0,1
1340,G,76,185.0,4
1341,G,75,195.0,4
1342,G,73,170.0,4
1343,G,78,205.0,4
1344,G,73,185.0,4
1345,G,76,185.0,4
1346,C,82,255.0,0
1347,C-F,78,210.0,1
1348,F,82,225.0,2
1349,G,74,200.0,4
1350,F,78,215.0,2
1351,F-G,77,210.0,3
1352,C-F,76,205.0,1
1353,F,81,245.0,2
1354,F,81,245.0,2
1355,G,75,220.0,4
1356,F-G,79,195.0,3
1357,F,80,205.0,2
1358,F,75,195.0,2
1359,F,77,205.0,2
1360,G,77,225.0,4
1361,C-F,77,200.0,1
1362,G,72,190.0,4
1363,F-G,78,210.0,3
1364,G,76,180.0,4
1365,G,74,170.0,4
1366,F-G,75,200.0,3
1367,C,82,220.0,0
1368,G,70,156.0,4
1369,F,81,225.0,2
1370,C-F,83,240.0,1
1371,G,74,186.0,4
1372,F,79,190.0,2
1373,C,82,225.0,0
1374,G,76,190.0,4
1375,G,75,185.0,4
1376,F,78,210.0,2
1377,G,74,185.0,4
1378,F,80,205.0,2
1379,G,74,183.0,4
1380,F,81,238.0,2
1381,F,79,200.0,2
1382,C,85,255.0,0
1383,C-F,84,250.0,1
1384,G,72,160.0,4
1385,C-F,82,220.0,1
1386,C-F,80,225.0,1
1387,F,80,230.0,2
1388,F-G,76,210.0,3
1389,G,79,205.0,4
1390,G,79,200.0,4
1391,G,74,187.0,4
1392,G,78,225.0,4
1393,C,84,243.0,0
1394,F,79,215.0,2
1395,F-G,80,220.0,3
1396,G,74,190.0,4
1397,F,81,220.0,2
1398,G,77,190.0,4
1399,G,77,216.0,4
1400,F-G,80,200.0,3
1401,F,80,200.0,2
1402,F-G,79,180.0,3
1403,C,76,205.0,0
1404,C-F,82,220.0,1
1405,F-G,77,210.0,3
1406,G,74,190.0,4
1407,F-G,71,175.0,3
1408,C-F,77,198.0,1
1409,G,74,185.0,4
1410,G,75,180.0,4
1411,F,82,205.0,2
1412,F,81,225.0,2
1413,G,77,215.0,4
1414,F,81,185.0,2
1415,G,72,190.0,4
1416,G,77,195.0,4
1417,C,84,235.0,0
1418,F,78,215.0,2
1419,F,74,205.0,2
1420,C-F,81,230.0,1
1421,F-G,75,190.0,3
1422,C,86,240.0,0
1423,F,78,225.0,2
1424,C-F,76,225.0,1
1425,G,78,205.0,4
1426,F-G,78,210.0,3
1427,F-G,77,205.0,3
1428,C,83,220.0,0
1429,C-F,78,225.0,1
1430,F-G,77,221.0,3
1431,G,74,175.0,4
1432,F,79,190.0,2
1433,F,80,235.0,2
1434,F,80,210.0,2
1435,G,77,228.0,4
1436,C,85,280.0,0
1437,C,83,250.0,0
1438,C,85,245.0,0
1439,C,82,250.0,0
1440,F-G,78,205.0,3
1441,F,73,185.0,2
1442,G,73,182.0,4
1443,F,79,250.0,2
1444,F-G,78,218.0,3
1445,G,77,205.0,4
1446,F,82,250.0,2
1447,G,73,170.0,4
1448,F,82,220.0,2
1449,G,77,200.0,4
1450,C-F,74,203.0,1
1451,F,81,220.0,2
1452,G,75,200.0,4
1453,F,81,245.0,2
1454,G,76,215.0,4
1455,G,75,185.0,4
1456,F,75,185.0,2
1457,C-F,83,240.0,1
1458,G,71,180.0,4
1459,G,75,200.0,4
1460,C-F,82,220.0,1
1461,G,71,185.0,4
1462,C-F,79,195.0,1
1463,G,73,180.0,4
1464,G,74,195.0,4
1465,G,76,174.0,4
1466,F,79,225.0,2
1467,G,73,185.0,4
1468,F,80,220.0,2
1469,F-G,78,200.0,3
1470,G,78,215.0,4
1471,G,78,220.0,4
1472,C-F,84,235.0,1
1473,F,78,215.0,2
1474,F,81,222.0,2
1475,G,75,190.0,4
1476,F,81,254.0,2
1477,F,75,195.0,2
1478,G,75,185.0,4
1479,G,67,140.0,4
1480,F,80,195.0,2
1481,C-F,82,215.0,1
1482,F,80,210.0,2
1483,G,76,195.0,4
1484,F,81,223.0,2
1485,C,84,245.0,0
1486,F,79,215.0,2
1487,F-G,74,185.0,3
1488,G,75,200.0,4
1489,C,84,270.0,0
1490,F,79,240.0,2
1491,G,75,210.0,4
1492,F,79,235.0,2
1493,G,73,185.0,4
1494,F,80,240.0,2
1495,C-F,84,235.0,1
1496,F,78,230.0,2
1497,F-G,73,175.0,3
1498,F-G,77,200.0,3
1499,F,79,206.0,2
1500,C-F,81,220.0,1
1501,F-G,78,215.0,3
1502,G,79,210.0,4
1503,F,79,230.0,2
1504,G,76,185.0,4
1505,F-G,79,205.0,3
1506,F,81,227.0,2
1507,F,81,235.0,2
1508,C-F,77,200.0,1
1509,F,80,215.0,2
1510,F,78,210.0,2
1511,C-F,79,210.0,1
1512,G,73,185.0,4
1513,F,79,190.0,2
1514,C-F,82,200.0,1
1515,G,72,170.0,4
1516,F-G,77,210.0,3
1517,F-G,74,185.0,3
1518,C-F,81,220.0,1
1519,F,79,220.0,2
1520,G,72,177.0,4
1521,G,74,185.0,4
1522,G,76,200.0,4
1523,F,83,226.0,2
1524,G,76,208.0,4
1525,F,77,195.0,2
1526,C-F,81,222.0,1
1527,F-G,74,175.0,3
1528,G,74,175.0,4
1529,C-F,79,225.0,1
1530,F,80,205.0,2
1531,F,79,215.0,2
1532,F,77,180.0,2
1533,F-G,77,210.0,3
1534,C-F,80,215.0,1
1535,F-G,77,217.0,3
1536,F,82,251.0,2
1537,C-F,82,220.0,1
1538,F,79,190.0,2
1539,C-F,81,205.0,1
1540,F,79,238.0,2
1541,G,76,190.0,4
1542,G,77,190.0,4
1543,F,81,230.0,2
1544,G,73,185.0,4
1545,G,71,180.0,4
1546,F-G,78,200.0,3
1547,C,81,230.0,0
1548,G,76,215.0,4
1549,C,79,218.0,0
1550,G,76,184.0,4
1551,G,75,180.0,4
1552,F-G,78,210.0,3
1553,F,77,220.0,2
1554,C,86,260.0,0
1555,G,76,195.0,4
1556,F,82,240.0,2
1557,C-F,82,225.0,1
1558,C,82,255.0,0
1559,F,76,190.0,2
1560,F,79,190.0,2
1561,F-G,77,200.0,3
1562,F,75,195.0,2
1563,F-G,77,175.0,3
1564,G,75,191.0,4
1565,G,73,180.0,4
1566,F,81,210.0,2
1567,C,86,254.0,0
1568,C-F,82,235.0,1
1569,G,75,180.0,4
1570,F-G,76,210.0,3
1571,G,72,170.0,4
1572,G,75,185.0,4
1573,C,82,240.0,0
1574,G,73,170.0,4
1575,F,79,225.0,2
1576,C-F,79,180.0,1
1577,G,78,220.0,4
1578,F-G,78,230.0,3
1579,F,82,230.0,2
1580,C,81,225.0,0
1581,C,87,235.0,0
1582,F-G,73,170.0,3
1583,G,73,180.0,4
1584,C-F,82,240.0,1
1585,F-G,77,199.0,3
1586,F,80,230.0,2
1587,G,77,193.0,4
1588,F,79,220.0,2
1589,C,84,245.0,0
1590,F-G,72,180.0,3
1591,F-G,79,195.0,3
1592,F,80,210.0,2
1593,G,70,160.0,4
1594,F-G,79,220.0,3
1595,C,84,260.0,0
1596,F-G,73,188.0,3
1597,F-G,78,185.0,3
1598,G,74,180.0,4
1599,C-F,78,190.0,1
1600,F,80,220.0,2
1601,C,86,330.0,0
1602,C-F,83,250.0,1
1603,C,84,262.0,0
1604,F,77,205.0,2
1605,F,81,215.0,2
1606,C,84,260.0,0
1607,G,72,180.0,4
1608,F-G,79,205.0,3
1609,C,82,240.0,0
1610,G,73,175.0,4
1611,F,80,195.0,2
1612,C-F,79,210.0,1
1613,F,79,200.0,2
1614,G,74,210.0,4
1615,G,75,203.0,4
1616,F,81,250.0,2
1617,G,78,190.0,4
1618,G,76,205.0,4
1619,C,82,225.0,0
1620,G,78,205.0,4
1621,F,80,195.0,2
1622,F-G,79,185.0,3
1623,F,80,246.0,2
1624,F-G,79,195.0,3
1625,G,72,175.0,4
1626,G,78,205.0,4
1627,G,77,220.0,4
1628,C,84,249.0,0
1629,C-F,80,225.0,1
1630,F,79,195.0,2
1631,F,79,220.0,2
1632,C-F,80,220.0,1
1633,C,81,225.0,0
1634,F-G,74,180.0,3
1635,F-G,81,215.0,3
1636,G,74,175.0,4
1637,G,73,185.0,4
1638,G,76,190.0,4
1639,G,76,185.0,4
1640,F,82,225.0,2
1641,C-F,82,195.0,1
1642,F-G,78,185.0,3
1643,F,79,231.0,2
1644,C-F,80,240.0,1
1645,C,82,275.0,0
1646,G,77,200.0,4
1647,F,81,230.0,2
1648,G,76,180.0,4
1649,C-F,81,235.0,1
1650,G,76,185.0,4
1651,F,82,200.0,2
1652,G,74,185.0,4
1653,C-F,79,195.0,1
1654,G,75,190.0,4
1655,G,75,192.0,4
1656,F,80,239.0,2
1657,G,76,210.0,4
1658,G,78,219.0,4
1659,G,77,190.0,4
1660,G,77,185.0,4
1661,F,78,240.0,2
1662,G,77,195.0,4
1663,G,77,190.0,4
1664,F,81,235.0,2
1665,G,75,190.0,4
1666,G,78,210.0,4
1667,G,78,213.0,4
1668,G,73,190.0,4
1669,C,84,280.0,0
1670,G,75,185.0,4
1671,G,77,209.0,4
1672,C-F,83,225.0,1
1673,F,80,220.0,2
1674,C-F,83,250.0,1
1675,G,75,195.0,4
1676,C-F,80,235.0,1
1677,G,77,200.0,4
1678,G,71,180.0,4
1679,G,77,180.0,4
1680,C-F,82,235.0,1
1681,F,81,242.0,2
1682,G,75,195.0,4
1683,F-G,77,203.0,3
1684,C-F,85,245.0,1
1685,C-F,81,220.0,1
1686,C-F,80,210.0,1
1687,G,75,190.0,4
1688,F-G,79,220.0,3
1689,F,75,205.0,2
1690,G,72,178.0,4
1691,G,76,190.0,4
1692,F,77,210.0,2
1693,G,76,190.0,4
1694,C-F,78,240.0,1
1695,C-F,81,235.0,1
1696,F,79,220.0,2
1697,G,75,200.0,4
1698,C,84,205.0,0
1699,F-G,80,226.0,3
1700,F,78,225.0,2
1701,C,84,268.0,0
1702,C-F,80,225.0,1
1703,G,74,172.0,4
1704,G,74,185.0,4
1705,G,75,185.0,4
1706,G,72,180.0,4
1707,G,74,180.0,4
1708,F,78,219.0,2
1709,G,77,170.0,4
1710,F,80,225.0,2
1711,C-F,79,218.0,1
1712,F,78,220.0,2
1713,F,81,235.0,2
1714,F,80,210.0,2
1715,F,79,215.0,2
1716,G,77,195.0,4
1717,G,74,175.0,4
1718,G,77,215.0,4
1719,F,80,226.0,2
1720,C-F,83,230.0,1
1721,G,76,195.0,4
1722,G,75,190.0,4
1723,F,81,220.0,2
1724,G,75,185.0,4
1725,C-F,79,225.0,1
1726,C,81,190.0,0
1727,C,81,215.0,0
1728,G,78,205.0,4
1729,G,79,195.0,4
1730,G,79,190.0,4
1731,G,78,220.0,4
1732,C-F,83,229.0,1
1733,G,71,177.0,4
1734,F,77,210.0,2
1735,G,75,170.0,4
1736,C-F,81,225.0,1
1737,F,81,230.0,2
1738,C,83,240.0,0
1739,G,74,197.0,4
1740,F,81,215.0,2
1741,F,81,225.0,2
1742,F-G,78,195.0,3
1743,G,70,175.0,4
1744,F,80,210.0,2
1745,C-F,80,220.0,1
1746,F,79,210.0,2
1747,C-F,78,195.0,1
1748,F-G,77,205.0,3
1749,F-G,80,215.0,3
1750,C,86,270.0,0
1751,F-G,71,180.0,3
1752,F,79,205.0,2
1753,C-F,81,242.0,1
1754,G,76,214.0,4
1755,G,74,180.0,4
1756,G,77,180.0,4
1757,F,80,195.0,2
1758,F,81,220.0,2
1759,F,79,200.0,2
1760,F-G,81,205.0,3
1761,G,72,180.0,4
1762,G,75,185.0,4
1763,C-F,80,192.0,1
1764,C-F,83,250.0,1
1765,G,76,190.0,4
1766,G,73,185.0,4
1767,G,76,185.0,4
1768,G,75,188.0,4
1769,F-G,80,225.0,3
1770,C-F,82,235.0,1
1771,F,79,233.0,2
1772,F,79,225.0,2
1773,C,84,248.0,0
1774,F,81,240.0,2
1775,C,79,220.0,0
1776,G,78,205.0,4
1777,C-F,81,215.0,1
1778,F-G,75,185.0,3
1779,G,76,190.0,4
1780,C-F,81,210.0,1
1781,G,66,165.0,4
1782,C-F,80,200.0,1
1783,G,74,184.0,4
1784,G,79,210.0,4
1785,C,84,230.0,0
1786,G,79,210.0,4
1787,G,74,190.0,4
1788,G,69,158.0,4
1789,F-G,74,195.0,3
1790,F,79,230.0,2
1791,C,81,240.0,0
1792,G,76,203.0,4
1793,F,76,200.0,2
1794,F,81,225.0,2
1795,G,76,205.0,4
1796,G,78,185.0,4
1797,G,75,180.0,4
1798,F,76,185.0,2
1799,F-G,77,205.0,3
1800,G,72,175.0,4
1801,G,75,185.0,4
1802,C,84,240.0,0
1803,F,78,195.0,2
1804,F,79,220.0,2
1805,G,75,175.0,4
1806,C-F,82,245.0,1
1807,F-G,75,180.0,3
1808,F,79,210.0,2
1809,G,76,185.0,4
1810,C,78,205.0,0
1811,F,78,215.0,2
1812,G,70,175.0,4
1813,F-G,81,245.0,3
1814,F,80,188.0,2
1815,F,80,222.0,2
1816,F-G,80,206.0,3
1817,G,72,180.0,4
1818,F,79,230.0,2
1819,C,81,230.0,0
1820,C-F,80,205.0,1
1821,C-F,83,235.0,1
1822,F-G,77,200.0,3
1823,G,79,204.0,4
1824,F,80,190.0,2
1825,C-F,80,220.0,1
1826,C-F,82,245.0,1
1827,C,85,245.0,0
1828,F,79,220.0,2
1829,G,75,190.0,4
1830,F,81,230.0,2
1831,F,81,220.0,2
1832,F,80,230.0,2
1833,C-F,80,225.0,1
1834,C-F,79,210.0,1
1835,G,79,207.0,4
1836,G,73,180.0,4
1837,G,78,200.0,4
1838,F,77,250.0,2
1839,F,80,205.0,2
1840,F,78,204.0,2
1841,C,83,265.0,0
1842,C-F,81,215.0,1
1843,F-G,79,210.0,3
1844,F,81,240.0,2
1845,G,74,170.0,4
1846,F,79,220.0,2
1847,F,81,225.0,2
1848,F,79,210.0,2
1849,C-F,78,215.0,1
1850,C-F,80,215.0,1
1851,G,75,190.0,4
1852,F-G,77,210.0,3
1853,G,73,170.0,4
1854,G,75,200.0,4
1855,F,79,230.0,2
1856,C,85,245.0,0
1857,F-G,77,215.0,3
1858,G,70,165.0,4
1859,C,83,220.0,0
1860,G,77,184.0,4
1861,F,81,235.0,2
1862,F,80,215.0,2
1863,C-F,81,230.0,1
1864,F,80,235.0,2
1865,G,75,185.0,4
1866,C-F,81,235.0,1
1867,G,76,185.0,4
1868,F,79,260.0,2
1869,G,72,180.0,4
1870,F,83,240.0,2
1871,C-F,79,210.0,1
1872,G,74,170.0,4
1873,F,80,225.0,2
1874,G,77,185.0,4
1875,C,84,220.0,0
1876,F,80,208.0,2
1877,G,72,165.0,4
1878,F-G,74,170.0,3
1879,G,74,175.0,4
1880,F,75,175.0,2
1881,C-F,78,200.0,1
1882,G,73,170.0,4
1883,F,78,215.0,2
1884,F,80,210.0,2
1885,C-F,82,235.0,1
1886,F-G,78,215.0,3
1887,C,87,238.0,0
1888,C,85,230.0,0
1889,C,84,245.0,0
1890,F,82,235.0,2
1891,C,82,220.0,0
1892,G,75,180.0,4
1893,F-G,80,226.0,3
1894,F,80,246.0,2
1895,F,81,190.0,2
1896,F,80,210.0,2
1897,G,76,190.0,4
1898,G,77,190.0,4
1899,F-G,78,200.0,3
1900,G,75,193.0,4
1901,F,82,210.0,2
1902,C-F,81,235.0,1
1903,G,70,175.0,4
1904,G,72,165.0,4
1905,G,72,180.0,4
1906,G,75,200.0,4
1907,F,80,210.0,2
1908,F,79,193.0,2
1909,F-G,74,200.0,3
1910,G,75,200.0,4
1911,G,73,185.0,4
1912,G,73,185.0,4
1913,G,75,191.0,4
1914,F,81,253.0,2
1915,G,73,201.0,4
1916,G,72,180.0,4
1917,F-G,76,190.0,3
1918,G,76,204.0,4
1919,G,78,220.0,4
1920,F-G,80,207.0,3
1921,F-G,80,200.0,3
1922,C-F,81,240.0,1
1923,F,79,215.0,2
1924,C,82,270.0,0
1925,G,73,180.0,4
1926,G,75,175.0,4
1927,G,74,183.0,4
1928,F,79,215.0,2
1929,G,75,185.0,4
1930,C-F,80,220.0,1
1931,G,70,180.0,4
1932,G,74,190.0,4
1933,F,83,215.0,2
1934,G,75,208.0,4
1935,G,75,185.0,4
1936,F-G,80,218.0,3
1937,F-G,76,200.0,3
1938,G,72,170.0,4
1939,F-G,78,205.0,3
1940,F,79,200.0,2
1941,F,75,175.0,2
1942,F-G,78,215.0,3
1943,F-G,76,215.0,3
1944,F-G,77,190.0,3
1945,F,80,210.0,2
1946,C,82,240.0,0
1947,G,75,185.0,4
1948,F-G,79,225.0,3
1949,F,76,180.0,2
1950,F,80,220.0,2
1951,C,84,300.0,0
1952,F-G,80,250.0,3
1953,G,74,188.0,4
1954,G,73,189.0,4
1955,F,79,212.0,2
1956,F,80,223.0,2
1957,F,80,260.0,2
1958,F-G,75,200.0,3
1959,F,75,185.0,2
1960,G,79,198.0,4
1961,F-G,75,185.0,3
1962,G,73,175.0,4
1963,G,76,195.0,4
1964,C-F,82,280.0,1
1965,G,71,175.0,4
1966,C-F,80,210.0,1
1967,F-G,80,225.0,3
1968,G,77,200.0,4
1969,C-F,82,289.0,1
1970,F,81,218.0,2
1971,G,77,195.0,4
1972,F,79,233.0,2
1973,F,83,230.0,2
1974,G,75,220.0,4
1975,G,73,180.0,4
1976,G,76,215.0,4
1977,G,73,170.0,4
1978,G,67,160.0,4
1979,F,79,220.0,2
1980,C,84,237.0,0
1981,F,82,231.0,2
1982,F,82,235.0,2
1983,G,71,175.0,4
1984,G,75,190.0,4
1985,F,84,240.0,2
1986,F,82,210.0,2
1987,F,81,240.0,2
1988,C-F,81,240.0,1
1989,F-G,77,215.0,3
1990,G,75,190.0,4
1991,G,75,195.0,4
1992,C-F,77,236.0,1
1993,G,70,175.0,4
1994,F,82,230.0,2
1995,F,79,190.0,2
1996,G,70,180.0,4
1997,G,72,170.0,4
1998,F-G,78,195.0,3
1999,C,83,210.0,0
2000,F-G,78,206.0,3
2001,G,76,175.0,4
2002,C-F,82,240.0,1
2003,C,84,255.0,0
2004,G,73,170.0,4
2005,F-G,79,210.0,3
2006,F,81,245.0,2
2007,G,76,185.0,4
2008,F,81,201.0,2
2009,C,80,205.0,0
2010,G,74,180.0,4
2011,F-G,79,215.0,3
2012,G,74,205.0,4
2013,C,83,245.0,0
2014,G,73,185.0,4
2015,C,83,245.0,0
2016,C-F,83,205.0,1
2017,C-F,79,210.0,1
2018,C-F,78,230.0,1
2019,C,78,240.0,0
2020,F,80,230.0,2
2021,F,82,221.0,2
2022,F,81,250.0,2
2023,F-G,79,240.0,3
2024,F,79,200.0,2
2025,F,81,220.0,2
2026,F,80,240.0,2
2027,C-F,83,240.0,1
2028,G,73,180.0,4
2029,G,75,205.0,4
2030,F,78,250.0,2
2031,F,83,205.0,2
2032,F,80,205.0,2
2033,F-G,81,215.0,3
2034,F-G,79,218.0,3
2035,F,82,190.0,2
2036,C-F,79,220.0,1
2037,G,75,202.0,4
2038,F,78,200.0,2
2039,G,77,220.0,4
2040,G,71,170.0,4
2041,C-F,81,205.0,1
2042,C,79,210.0,0
2043,F,80,215.0,2
2044,F,79,245.0,2
2045,F,80,240.0,2
2046,C-F,82,235.0,1
2047,C-F,80,220.0,1
2048,G,77,218.0,4
2049,G,76,186.0,4
2050,G,74,200.0,4
2051,F-G,79,215.0,3
2052,G,74,215.0,4
2053,F,80,210.0,2
2054,C,80,210.0,0
2055,C-F,83,245.0,1
2056,C-F,82,250.0,1
2057,C-F,79,218.0,1
2058,C,83,265.0,0
2059,F-G,78,195.0,3
2060,G,77,200.0,4
2061,F,79,175.0,2
2062,F,81,210.0,2
2063,F,79,215.0,2
2064,C-F,83,217.0,1
2065,C-F,81,215.0,1
2066,F,80,215.0,2
2067,G,75,180.0,4
2068,F,79,203.0,2
2069,F-G,78,225.0,3
2070,C-F,84,245.0,1
2071,G,75,185.0,4
2072,F,80,221.0,2
2073,F,79,190.0,2
2074,G,76,215.0,4
2075,F,80,220.0,2
2076,C-F,83,250.0,1
2077,C-F,82,210.0,1
2078,C,84,210.0,0
2079,F-G,78,190.0,3
2080,C-F,82,225.0,1
2081,F-G,76,210.0,3
2082,F,80,190.0,2
2083,G,75,180.0,4
2084,G,79,223.0,4
2085,F-G,80,218.0,3
2086,G,76,188.0,4
2087,F,79,205.0,2
2088,F,80,218.0,2
2089,G,73,200.0,4
2090,F,80,251.0,2
2091,F-G,74,180.0,3
2092,F,81,225.0,2
2093,G,73,175.0,4
2094,G,78,215.0,4
2095,G,74,190.0,4
2096,C-F,83,235.0,1
2097,F,83,235.0,2
2098,F,80,250.0,2
2099,C-F,78,220.0,1
2100,C-F,81,225.0,1
2101,F-G,76,198.0,3
2102,F,81,210.0,2
2103,F,82,230.0,2
2104,F-G,77,205.0,3
2105,F,81,252.0,2
2106,G,74,195.0,4
2107,F,76,225.0,2
2108,G,74,180.0,4
2109,F,80,205.0,2
2110,G,75,185.0,4
2111,G,71,170.0,4
2112,F,80,220.0,2
2113,C,83,265.0,0
2114,G,73,170.0,4
2115,C,84,253.0,0
2116,F-G,78,195.0,3
2117,G,76,195.0,4
2118,C-F,82,220.0,1
2119,F,79,198.0,2
2120,C-F,82,205.0,1
2121,F-G,74,185.0,3
2122,C,81,228.0,0
2123,C-F,77,200.0,1
2124,G,75,193.0,4
2125,C,86,315.0,0
2126,F,79,210.0,2
2127,C,83,245.0,0
2128,G,75,190.0,4
2129,F,77,200.0,2
2130,F-G,78,185.0,3
2131,G,74,175.0,4
2132,F,75,190.0,2
2133,C-F,78,245.0,1
2134,C,84,265.0,0
2135,C-F,84,242.0,1
2136,C,83,245.0,0
2137,F-G,74,170.0,3
2138,F,80,213.0,2
2139,G,70,165.0,4
2140,F-G,79,208.0,3
2141,G,77,215.0,4
2143,G,71,185.0,4
2144,C,85,260.0,0
2145,G,72,185.0,4
2146,C-F,80,240.0,1
2147,C,83,260.0,0
2148,F-G,72,180.0,3
2149,F,78,218.0,2
2150,G,74,178.0,4
2151,G,71,185.0,4
2152,F,81,230.0,2
2153,G,76,185.0,4
2154,G,70,177.0,4
2155,C-F,81,220.0,1
2156,G,73,180.0,4
2157,C-F,84,235.0,1
2158,F,79,225.0,2
2159,G,74,175.0,4
2160,F,74,172.0,2
2161,F,83,230.0,2
2162,G,72,170.0,4
2163,F,79,190.0,2
2164,G,75,195.0,4
2165,C-F,82,230.0,1
2166,C-F,82,245.0,1
2167,F,78,198.0,2
2168,G,78,206.0,4
2169,F,78,215.0,2
2170,C-F,77,205.0,1
2171,F,78,210.0,2
2172,G,71,180.0,4
2173,F,81,205.0,2
2174,F-G,74,187.0,3
2175,C,83,245.0,0
2176,C-F,81,230.0,1
2177,G,75,175.0,4
2178,C-F,78,215.0,1
2179,F,79,215.0,2
2180,F,79,210.0,2
2181,C-F,83,230.0,1
2182,C-F,81,277.0,1
2183,C-F,82,200.0,1
2184,F-G,79,195.0,3
2185,F,81,210.0,2
2186,G,76,205.0,4
2187,F,81,235.0,2
2188,F,79,232.0,2
2189,F,81,225.0,2
2190,G,73,170.0,4
2191,G,75,180.0,4
2192,C,82,230.0,0
2193,G,76,210.0,4
2194,C-F,78,220.0,1
2195,G,76,190.0,4
2196,G,71,153.0,4
2197,G,76,190.0,4
2198,F-G,78,190.0,3
2199,F,79,205.0,2
2200,F,80,215.0,2
2201,F,78,220.0,2
2202,G,73,185.0,4
2203,G,72,175.0,4
2204,F,81,230.0,2
2205,G,74,175.0,4
2206,G,77,210.0,4
2207,G,74,180.0,4
2208,G,74,195.0,4
2209,F,78,225.0,2
2210,C,86,260.0,0
2211,G,76,185.0,4
2212,C-F,83,230.0,1
2213,G,72,165.0,4
2214,C-F,78,215.0,1
2215,G,78,185.0,4
2216,F,81,220.0,2
2217,C,84,245.0,0
2218,F-G,75,173.0,3
2219,F,79,190.0,2
2220,F,79,210.0,2
2221,F,81,210.0,2
2222,F,81,235.0,2
2223,C,83,250.0,0
2224,G,77,179.0,4
2225,F,82,220.0,2
2226,C,83,255.0,0
2227,F,80,245.0,2
2228,F-G,74,170.0,3
2229,G,67,150.0,4
2230,G,75,175.0,4
2231,F,79,220.0,2
2232,F-G,78,195.0,3
2233,F-G,74,185.0,3
2234,G,72,180.0,4
2235,G,75,189.0,4
2236,G,70,173.0,4
2237,G,73,175.0,4
2238,F,79,215.0,2
2239,F,81,210.0,2
2240,C,84,235.0,0
2241,C,79,215.0,0
2242,C,78,215.0,0
2243,C-F,81,215.0,1
2244,G,76,210.0,4
2245,F,77,215.0,2
2246,C-F,79,212.0,1
2247,G,73,185.0,4
2248,C-F,84,250.0,1
2249,C,80,225.0,0
2250,G,78,210.0,4
2251,F,81,240.0,2
2252,G,79,185.0,4
2253,F,81,225.0,2
2254,F,81,203.0,2
2255,F-G,79,212.0,3
2256,F,80,215.0,2
2257,C,84,245.0,0
2258,F,75,203.0,2
2259,C,80,220.0,0
2260,C,84,265.0,0
2261,F,80,220.0,2
2262,F,79,215.0,2
2263,C,81,220.0,0
2264,F-G,76,200.0,3
2265,C-F,79,203.0,1
2266,F-G,77,200.0,3
2267,G,72,195.0,4
2268,G,73,190.0,4
2269,C,84,260.0,0
2270,C-F,80,230.0,1
2271,G,76,175.0,4
2272,G,77,200.0,4
2273,G,75,205.0,4
2274,C,84,240.0,0
2275,C-F,81,220.0,1
2276,C-F,80,215.0,1
2277,G,71,160.0,4
2278,F,82,230.0,2
2279,F-G,74,193.0,3
2280,G,74,180.0,4
2281,F,75,200.0,2
2282,F,82,192.0,2
2283,C-F,84,230.0,1
2284,F-G,76,210.0,3
2285,C-F,81,230.0,1
2286,C-F,78,220.0,1
2287,F,81,232.0,2
2288,G,78,200.0,4
2289,F,81,220.0,2
2290,C,85,251.0,0
2291,F,81,215.0,2
2292,F,83,225.0,2
2293,F-G,77,230.0,3
2294,F,78,190.0,2
2295,C,82,235.0,0
2296,F-G,77,200.0,3
2297,F-G,77,210.0,3
2298,F,77,220.0,2
2299,C-F,83,235.0,1
2300,G,74,190.0,4
2301,C-F,83,240.0,1
2302,C-F,82,220.0,1
2303,C,83,245.0,0
2304,F,74,190.0,2
2305,G,73,180.0,4
2306,G,76,210.0,4
2307,F-G,77,185.0,3
2308,C-F,82,225.0,1
2309,F-G,78,195.0,3
2310,C,83,275.0,0
2311,C,82,230.0,0
2312,F,79,227.0,2
2313,F,81,248.0,2
2314,F,79,230.0,2
2315,C-F,80,215.0,1
2316,F,78,230.0,2
2317,C,83,245.0,0
2318,F-G,80,205.0,3
2319,C,82,285.0,0
2320,G,75,197.0,4
2321,G,76,215.0,4
2322,F,83,220.0,2
2323,C,83,250.0,0
2324,G,75,175.0,4
2325,G,76,180.0,4
2326,G,76,183.0,4
2327,G,71,175.0,4
2328,G,74,210.0,4
2329,C-F,79,220.0,1
2330,G,78,185.0,4
2331,F,80,215.0,2
2332,C-F,78,225.0,1
2333,C,88,325.0,0
2334,G,78,190.0,4
2335,G,73,178.0,4
2336,F-G,74,185.0,3
2337,C-F,83,220.0,1
2338,F,75,185.0,2
2339,G,77,189.0,4
2340,C-F,79,185.0,1
2341,G,75,195.0,4
2342,F,81,234.0,2
2343,C,84,228.0,0
2344,C,83,240.0,0
2345,G,71,195.0,4
2346,F,81,210.0,2
2347,G,73,180.0,4
2348,F,82,222.0,2
2349,C-F,80,225.0,1
2350,G,72,163.0,4
2351,G,73,170.0,4
2352,G,74,180.0,4
2353,C-F,83,265.0,1
2354,G,79,195.0,4
2355,G,72,185.0,4
2356,C-F,82,205.0,1
2357,G,77,200.0,4
2358,F,79,225.0,2
2359,F,81,245.0,2
2361,F-G,77,200.0,3
2362,F-G,76,200.0,3
2363,G,75,190.0,4
2364,C-F,82,215.0,1
2365,G,75,190.0,4
2366,G,77,200.0,4
2367,C,82,220.0,0
2368,G,76,193.0,4
2369,F-G,77,185.0,3
2370,F-G,75,185.0,3
2371,F,74,190.0,2
2372,G,76,200.0,4
2373,G,72,180.0,4
2374,C,85,260.0,0
2375,G,76,205.0,4
2376,F,78,200.0,2
2377,C,85,250.0,0
2378,F,79,230.0,2
2379,C-F,85,245.0,1
2380,G,75,185.0,4
2381,G,71,165.0,4
2382,G,76,205.0,4
2383,G,74,175.0,4
2384,G,75,170.0,4
2385,F,82,228.0,2
2386,F-G,74,190.0,3
2387,G,75,170.0,4
2388,F-G,79,203.0,3
2389,F,80,210.0,2
2390,G,75,175.0,4
2391,C-F,82,235.0,1
2392,F-G,74,195.0,3
2393,G,72,175.0,4
2394,C-F,79,215.0,1
2395,F,77,210.0,2
2396,C-F,80,225.0,1
2397,F,79,215.0,2
2398,G,78,200.0,4
2399,F,82,215.0,2
2400,F-G,79,195.0,3
2401,F,80,205.0,2
2402,F-G,76,205.0,3
2403,G,74,180.0,4
2404,G,78,209.0,4
2405,G,76,180.0,4
2406,C-F,79,210.0,1
2407,G,75,195.0,4
2408,G,75,200.0,4
2409,F,81,225.0,2
2410,C-F,84,240.0,1
2411,G,72,180.0,4
2412,G,72,160.0,4
2413,G,76,209.0,4
2414,G,79,192.0,4
2415,C,82,220.0,0
2416,C,83,285.0,0
2417,G,74,184.0,4
2418,C-F,80,220.0,1
2419,C-F,77,200.0,1
2420,F-G,78,205.0,3
2421,C-F,82,230.0,1
2422,F,78,215.0,2
2423,F,77,185.0,2
2424,F,81,225.0,2
2425,C,81,245.0,0
2426,F,80,240.0,2
2427,F-G,78,205.0,3
2428,C-F,77,200.0,1
2429,G,72,180.0,4
2430,G,74,175.0,4
2431,C-F,83,230.0,1
2432,F,81,250.0,2
2433,F,80,225.0,2
2434,F-G,77,195.0,3
2435,G,74,180.0,4
2436,C-F,81,255.0,1
2437,C-F,80,225.0,1
2438,C,86,265.0,0
2439,C-F,81,220.0,1
2440,C,84,275.0,0
2441,G,77,199.0,4
2442,G,73,170.0,4
2443,C,84,255.0,0
2444,G,76,190.0,4
2445,F,77,220.0,2
2446,F-G,77,210.0,3
2447,G,75,190.0,4
2448,F,80,215.0,2
2449,F,82,251.0,2
2450,F,81,215.0,2
2451,C-F,81,234.0,1
2452,G,72,195.0,4
2453,G,75,185.0,4
2454,G,72,205.0,4
2455,F-G,75,195.0,3
2456,C-F,80,230.0,1
2457,G,75,175.0,4
2458,G,73,195.0,4
2459,C-F,81,215.0,1
2460,G,71,166.0,4
2461,F,78,205.0,2
2462,G,72,175.0,4
2463,G,74,180.0,4
2464,F,75,220.0,2
2465,G,72,165.0,4
2466,G,73,178.0,4
2467,F,78,205.0,2
2468,F,82,215.0,2
2469,F,82,234.0,2
2470,G,73,190.0,4
2471,F,80,218.0,2
2472,F-G,77,195.0,3
2473,F,79,215.0,2
2474,F,79,215.0,2
2475,G,77,200.0,4
2476,F,77,210.0,2
2477,C-F,80,185.0,1
2478,C,84,280.0,0
2479,G,74,185.0,4
2480,G,73,205.0,4
2481,G,76,214.0,4
2482,G,75,185.0,4
2483,F-G,79,220.0,3
2484,G,75,203.0,4
2485,C-F,81,248.0,1
2486,F-G,79,205.0,3
2487,F,82,227.0,2
2488,F-G,72,180.0,3
2489,F,82,235.0,2
2490,G,77,185.0,4
2491,G,75,175.0,4
2492,F-G,75,185.0,3
2493,G,76,190.0,4
2494,G,76,200.0,4
2495,F,81,240.0,2
2496,F,77,185.0,2
2497,G,73,160.0,4
2498,F,78,218.0,2
2499,F,80,202.0,2
2500,C,83,259.0,0
2501,F,79,210.0,2
2502,C,83,250.0,0
2503,C,80,220.0,0
2504,G,75,175.0,4
2505,F,74,205.0,2
2506,C-F,82,240.0,1
2507,F-G,78,215.0,3
2508,F,79,200.0,2
2509,C-F,85,216.0,1
2510,G,69,150.0,4
2511,G,76,205.0,4
2512,F,81,250.0,2
2513,C-F,82,215.0,1
2514,G,75,192.0,4
2515,F,82,230.0,2
2516,F,79,215.0,2
2517,G,74,180.0,4
2518,C-F,76,205.0,1
2519,G,70,195.0,4
2520,C-F,82,230.0,1
2521,F,79,210.0,2
2522,F,78,195.0,2
2523,C,83,253.0,0
2524,G,79,190.0,4
2525,G,75,190.0,4
2526,G,77,197.0,4
2527,G,72,185.0,4
2528,F-G,78,200.0,3
2529,F-G,78,190.0,3
2530,G,74,180.0,4
2531,G,77,200.0,4
2532,G,71,165.0,4
2533,F-G,79,200.0,3
2534,F,79,220.0,2
2535,C,87,290.0,0
2536,F,84,230.0,2
2537,C,82,225.0,0
2538,C-F,82,250.0,1
2539,G,75,185.0,4
2540,F,79,215.0,2
2541,G,75,200.0,4
2542,F,79,230.0,2
2543,F,81,218.0,2
2544,G,76,200.0,4
2545,F-G,81,190.0,3
2546,F-G,76,215.0,3
2547,F,79,200.0,2
2548,F,79,205.0,2
2549,C,84,250.0,0
2550,F,81,212.0,2
2551,F,79,220.0,2
2552,F-G,77,213.0,3
2553,G,71,170.0,4
2554,G,68,160.0,4
2555,C-F,79,210.0,1
2556,C,81,220.0,0
2557,F,82,239.0,2
2558,G,77,195.0,4
2559,F,81,234.0,2
2560,G,79,199.0,4
2561,C,83,208.0,0
2562,F-G,78,200.0,3
2563,G,75,190.0,4
2564,G,70,170.0,4
2565,G,74,185.0,4
2566,F,80,240.0,2
2567,G,70,174.0,4
2568,F,79,250.0,2
2569,F,79,224.0,2
2570,G,72,189.0,4
2571,G,77,200.0,4
2572,F,81,220.0,2
2573,C-F,81,220.0,1
2574,C-F,82,230.0,1
2575,F,78,220.0,2
2576,G,73,170.0,4
2577,G,77,220.0,4
2578,F,76,190.0,2
2579,F,80,250.0,2
2580,F,79,260.0,2
2581,F,80,205.0,2
2582,G,76,180.0,4
2583,F,76,200.0,2
2584,F,79,215.0,2
2585,F,81,266.0,2
2586,G,73,172.0,4
2587,F,80,225.0,2
2588,G,75,175.0,4
2589,F,79,205.0,2
2590,G,74,185.0,4
2591,G,75,175.0,4
2592,G,77,210.0,4
2593,G,74,190.0,4
2594,F,75,210.0,2
2595,F,80,230.0,2
2596,C-F,81,210.0,1
2597,F,81,230.0,2
2598,F-G,75,190.0,3
2599,G,75,190.0,4
2600,F,78,244.0,2
2601,G,74,178.0,4
2602,F,80,240.0,2
2603,G,76,207.0,4
2604,G,71,180.0,4
2605,G,75,190.0,4
2606,G,75,175.0,4
2607,G,73,185.0,4
2608,F-G,74,190.0,3
2609,F-G,79,200.0,3
2610,F,82,230.0,2
2611,C-F,83,235.0,1
2612,G,79,185.0,4
2613,G,78,185.0,4
2614,G,73,180.0,4
2615,C,84,270.0,0
2616,G,74,190.0,4
2617,F-G,78,205.0,3
2618,G,75,190.0,4
2619,F,77,195.0,2
2620,G,70,170.0,4
2621,G,74,200.0,4
2622,G,79,210.0,4
2623,C,83,240.0,0
2624,C,82,245.0,0
2625,G,76,180.0,4
2626,G,77,192.0,4
2627,F-G,79,220.0,3
2628,F-G,81,215.0,3
2629,F,83,200.0,2
2630,G,76,190.0,4
2631,G,76,180.0,4
2632,F,79,205.0,2
2633,C-F,83,228.0,1
2634,F-G,78,205.0,3
2635,F,80,225.0,2
2636,F,80,210.0,2
2637,F-G,78,190.0,3
2638,C,82,232.0,0
2639,F,78,205.0,2
2640,C-F,81,215.0,1
2641,C-F,81,220.0,1
2642,G,75,190.0,4
2643,F-G,77,185.0,3
2644,F,80,240.0,2
2645,G,73,190.0,4
2646,C-F,82,255.0,1
2647,C,84,270.0,0
2648,F-G,77,190.0,3
2649,C-F,81,225.0,1
2650,C-F,80,235.0,1
2651,F-G,77,205.0,3
2652,F-G,80,210.0,3
2653,F,80,240.0,2
2654,C,81,225.0,0
2655,G,76,205.0,4
2656,F-G,74,180.0,3
2657,G,75,175.0,4
2658,G,72,180.0,4
2659,F,81,220.0,2
2660,C-F,82,210.0,1
2661,F-G,75,185.0,3
2662,C,85,240.0,0
2663,G,76,190.0,4
2664,F,79,225.0,2
2665,F,78,215.0,2
2666,G,75,190.0,4
2667,F-G,77,195.0,3
2668,F,79,200.0,2
2669,F-G,77,195.0,3
2670,C-F,81,205.0,1
2671,G,77,209.0,4
2672,G,72,160.0,4
2673,C-F,78,185.0,1
2674,G,76,190.0,4
2675,F,80,215.0,2
2676,G,77,195.0,4
2677,C-F,79,230.0,1
2678,F,77,200.0,2
2679,G,74,188.0,4
2680,F,80,221.0,2
2681,G,73,185.0,4
2682,F-G,77,195.0,3
2683,C-F,83,215.0,1
2684,F,77,215.0,2
2685,F,77,205.0,2
2686,C-F,77,210.0,1
2687,F,74,200.0,2
2688,C-F,83,235.0,1
2689,C-F,78,210.0,1
2690,G,75,200.0,4
2691,F,79,210.0,2
2692,G,73,170.0,4
2693,C-F,81,195.0,1
2694,G,75,185.0,4
2695,G,76,210.0,4
2696,G,75,205.0,4
2697,F,83,235.0,2
2698,G,78,185.0,4
2699,G,75,185.0,4
2700,F,82,240.0,2
2701,F,80,200.0,2
2702,F,75,175.0,2
2703,F,82,250.0,2
2704,G,77,175.0,4
2705,G,76,210.0,4
2706,C-F,80,215.0,1
2707,F,82,225.0,2
2708,C-F,77,195.0,1
2709,C-F,79,208.0,1
2710,F-G,74,185.0,3
2711,C,85,245.0,0
2712,G,75,191.0,4
2713,G,73,165.0,4
2714,G,74,185.0,4
2715,C,84,255.0,0
2716,G,69,170.0,4
2717,G,72,175.0,4
2718,G,72,168.0,4
2719,G,74,195.0,4
2720,G,72,168.0,4
2721,F,81,240.0,2
2722,C,82,210.0,0
2723,F-G,79,210.0,3
2724,C-F,82,215.0,1
2725,G,74,180.0,4
2726,F,78,215.0,2
2727,G,75,195.0,4
2728,C,82,257.0,0
2729,C-F,80,215.0,1
2730,C-F,77,210.0,1
2731,F,81,220.0,2
2732,F,80,235.0,2
2733,F-G,80,234.0,3
2734,G,72,180.0,4
2735,C,84,265.0,0
2736,C-F,80,230.0,1
2737,C,82,245.0,0
2738,F,79,210.0,2
2739,C-F,79,230.0,1
2740,C,79,210.0,0
2741,G,73,175.0,4
2742,F-G,78,225.0,3
2743,F,81,210.0,2
2744,F-G,76,195.0,3
2745,F-G,78,235.0,3
2746,C-F,84,250.0,1
2747,F,75,195.0,2
2748,G,75,200.0,4
2749,F,81,225.0,2
2750,F,75,190.0,2
2751,F,82,230.0,2
2752,C,83,244.0,0
2753,F,80,235.0,2
2754,F,78,215.0,2
2755,C-F,80,225.0,1
2756,C-F,76,230.0,1
2757,F,77,205.0,2
2758,F-G,76,190.0,3
2759,F,79,210.0,2
2760,F-G,80,218.0,3
2761,C,81,280.0,0
2762,F,81,210.0,2
2763,F-G,79,185.0,3
2764,F,74,190.0,2
2765,F,78,215.0,2
2766,C-F,80,203.0,1
2767,G,72,185.0,4
2768,F,82,230.0,2
2769,F-G,78,225.0,3
2770,F,80,246.0,2
2771,G,77,210.0,4
2772,C,90,310.0,0
2773,G,75,180.0,4
2774,F-G,74,185.0,3
2775,F-G,78,210.0,3
2776,F,78,215.0,2
2777,F,82,220.0,2
2778,G,67,150.0,4
2779,G,74,175.0,4
2780,G,75,211.0,4
2781,G,76,210.0,4
2782,F,79,215.0,2
2784,F,78,210.0,2
2785,F,79,205.0,2
2786,F,78,216.0,2
2787,F,80,235.0,2
2788,F,79,215.0,2
2789,F,76,190.0,2
2790,G,76,190.0,4
2791,C,83,235.0,0
2792,F-G,77,215.0,3
2793,F,80,210.0,2
2794,C-F,76,190.0,1
2795,C,82,221.0,0
2796,C-F,82,235.0,1
2797,C-F,84,250.0,1
2798,F,78,200.0,2
2799,F,80,230.0,2
2800,G,75,180.0,4
2801,G,72,170.0,4
2802,F,80,220.0,2
2803,G,75,200.0,4
2804,G,75,185.0,4
2805,C-F,83,265.0,1
2806,G,75,185.0,4
2807,G,79,185.0,4
2808,F,77,220.0,2
2809,C,84,270.0,0
2810,F,80,205.0,2
2811,F,77,215.0,2
2812,F,81,215.0,2
2813,G,76,191.0,4
2814,C-F,81,225.0,1
2815,F,77,180.0,2
2816,G,73,175.0,4
2817,F,79,215.0,2
2818,G,73,170.0,4
2819,C,83,225.0,0
2820,C-F,83,205.0,1
2821,G,74,190.0,4
2822,C,84,260.0,0
2823,F-G,76,200.0,3
2824,C-F,82,238.0,1
2825,F-G,79,215.0,3
2826,G,80,205.0,4
2827,G,77,190.0,4
2828,C,81,230.0,0
2829,C,82,235.0,0
2830,F,80,210.0,2
2831,G,76,190.0,4
2832,F,80,229.0,2
2833,F,81,235.0,2
2834,F,82,245.0,2
2835,C-F,74,195.0,1
2836,G,75,175.0,4
2837,C,82,266.0,0
2838,F,81,221.0,2
2839,F,80,205.0,2
2840,G,74,190.0,4
2841,G,76,195.0,4
2842,C-F,80,220.0,1
2843,G,77,210.0,4
2844,F,79,195.0,2
2845,G,75,180.0,4
2846,G,75,190.0,4
2847,F,80,195.0,2
2848,G,74,185.0,4
2849,G,77,185.0,4
2850,C-F,84,222.0,1
2851,F,81,238.0,2
2852,C,83,247.0,0
2853,F,83,249.0,2
2854,G,75,175.0,4
2855,C,82,240.0,0
2856,C,85,275.0,0
2857,F,77,185.0,2
2858,G,77,200.0,4
2859,C-F,80,230.0,1
2860,F-G,78,223.0,3
2861,G,72,165.0,4
2862,G,73,175.0,4
2863,C,84,275.0,0
2864,F-G,78,200.0,3
2865,F-G,76,190.0,3
2866,C,84,250.0,0
2867,G,74,180.0,4
2868,F,81,225.0,2
2869,G,71,170.0,4
2870,G,73,190.0,4
2871,C,91,303.0,0
2872,G,77,190.0,4
2873,G,69,165.0,4
2874,G,73,175.0,4
2875,F,82,230.0,2
2876,F,81,220.0,2
2877,F,74,175.0,2
2878,G,77,185.0,4
2879,F,77,225.0,2
2880,C-F,81,220.0,1
2881,C-F,83,245.0,1
2882,G,77,170.0,4
2883,G,76,207.0,4
2884,F-G,74,190.0,3
2885,F,79,236.0,2
2886,G,76,190.0,4
2887,F,79,225.0,2
2888,F,78,225.0,2
2889,C-F,80,215.0,1
2890,F-G,77,195.0,3
2891,C-F,83,240.0,1
2892,G,69,145.0,4
2893,C-F,82,238.0,1
2894,C,86,245.0,0
2895,F,81,235.0,2
2896,F-G,78,180.0,3
2897,C,84,235.0,0
2898,F,80,245.0,2
2899,C,84,255.0,0
2900,C,84,198.0,0
2901,F,75,185.0,2
2902,F,78,210.0,2
2903,F,81,221.0,2
2904,F,78,230.0,2
2905,G,72,190.0,4
2906,F-G,74,185.0,3
2907,F,81,238.0,2
2908,F,80,240.0,2
2909,C-F,82,205.0,1
2910,F,81,230.0,2
2911,G,73,175.0,4
2912,F-G,74,185.0,3
2913,F,80,195.0,2
2914,F,77,215.0,2
2915,G,75,195.0,4
2916,C,83,240.0,0
2917,G,71,175.0,4
2918,F,78,220.0,2
2919,G,75,185.0,4
2920,C-F,78,225.0,1
2921,G,75,170.0,4
2922,F,81,200.0,2
2923,G,77,165.0,4
2924,G,76,210.0,4
2925,C,83,235.0,0
2926,C-F,79,225.0,1
2927,F,79,238.0,2
2928,G,75,192.0,4
2929,C-F,75,200.0,1
2930,C,82,230.0,0
2931,G,76,200.0,4
2932,F,78,210.0,2
2933,G,72,190.0,4
2934,G,75,190.0,4
2935,G,74,175.0,4
2936,G,75,208.0,4
2937,G,72,175.0,4
2938,F,78,225.0,2
2939,C,86,260.0,0
2940,C,84,248.0,0
2941,G,73,179.0,4
2942,C-F,81,220.0,1
2943,F-G,78,200.0,3
2944,G,73,175.0,4
2945,C,89,217.0,0
2946,G,76,200.0,4
2947,F,81,245.0,2
2948,F,79,220.0,2
2949,F-G,76,200.0,3
2950,F-G,79,190.0,3
2951,C,84,240.0,0
2952,C,81,220.0,0
2953,F,80,230.0,2
2954,F,80,216.0,2
2955,C-F,79,222.0,1
2956,F,81,250.0,2
2957,G,75,190.0,4
2958,G,73,175.0,4
2959,C,84,245.0,0
2960,F-G,73,165.0,3
2961,F,78,225.0,2
2962,C-F,82,218.0,1
2963,F,79,210.0,2
2964,G,74,170.0,4
2965,C,83,230.0,0
2966,G,76,190.0,4
2967,F,79,225.0,2
2968,F,78,230.0,2
2969,C-F,83,228.0,1
2970,F,76,185.0,2
2971,C,84,241.0,0
2972,C,80,210.0,0
2974,F,79,225.0,2
2975,C,82,225.0,0
2976,F,75,180.0,2
2977,G,75,175.0,4
2978,F,80,215.0,2
2979,C,81,230.0,0
2980,G,73,175.0,4
2981,C,83,220.0,0
2982,F,79,220.0,2
2983,C-F,80,195.0,1
2984,G,73,185.0,4
2985,C-F,81,219.0,1
2986,F,82,225.0,2
2987,G,74,170.0,4
2988,F,84,245.0,2
2989,G,77,190.0,4
2990,F,79,205.0,2
2991,C,84,280.0,0
2992,G,74,170.0,4
2993,G,76,209.0,4
2994,C,82,255.0,0
2995,F-G,77,209.0,3
2996,F,80,222.0,2
2997,G,74,185.0,4
2998,F,76,190.0,2
2999,F,79,228.0,2
3000,F,79,200.0,2
3001,G,73,170.0,4
3002,G,69,160.0,4
3003,C-F,81,257.0,1
3004,C,84,260.0,0
3005,G,72,174.0,4
3006,G,73,180.0,4
3007,G,71,160.0,4
3008,G,73,175.0,4
3009,F-G,74,185.0,3
3010,G,74,185.0,4
3011,F-G,79,207.0,3
3012,F,77,205.0,2
3013,C-F,83,226.0,1
3014,C,85,325.0,0
3015,F,78,215.0,2
3016,F,75,210.0,2
3017,C-F,82,250.0,1
3018,G,74,175.0,4
3019,F-G,73,195.0,3
3020,C,82,250.0,0
3021,C-F,80,225.0,1
3022,C-F,82,245.0,1
3023,C,83,245.0,0
3024,C,84,250.0,0
3025,F,82,220.0,2
3026,F,78,215.0,2
3027,F,77,205.0,2
3028,C,86,240.0,0
3029,G,75,190.0,4
3030,C,83,255.0,0
3031,F,79,241.0,2
3032,C-F,82,252.0,1
3033,C-F,83,275.0,1
3034,C-F,83,249.0,1
3035,G,76,210.0,4
3036,C,84,255.0,0
3037,F,80,225.0,2
3038,C,84,215.0,0
3039,G,75,175.0,4
3040,G,74,185.0,4
3041,F,79,210.0,2
3042,G,76,210.0,4
3043,G,71,180.0,4
3044,F-G,77,205.0,3
3045,G,76,195.0,4
3046,G,71,160.0,4
3047,C,84,269.0,0
3048,C-F,80,220.0,1
3049,C-F,84,238.0,1
3050,C,81,255.0,0
3051,C-F,82,245.0,1
3052,G,75,190.0,4
3053,F,75,195.0,2
3054,F,80,175.0,2
3055,F,82,225.0,2
3056,C-F,82,255.0,1
3057,F,78,210.0,2
3058,F,80,210.0,2
3059,C-F,77,215.0,1
3060,C,86,280.0,0
3061,G,74,165.0,4
3062,C,82,240.0,0
3063,C-F,79,220.0,1
3064,F,79,205.0,2
3065,F,80,210.0,2
3066,F,81,210.0,2
3067,G,74,195.0,4
3068,G,75,190.0,4
3069,G,76,200.0,4
3070,F-G,80,220.0,3
3071,F,79,245.0,2
3072,F,79,210.0,2
3073,F,77,200.0,2
3074,F,79,225.0,2
3075,F,79,210.0,2
3076,F-G,75,185.0,3
3077,C-F,82,215.0,1
3078,F,81,224.0,2
3079,C,82,240.0,0
3080,C,82,220.0,0
3081,C,83,270.0,0
3082,G,74,180.0,4
3083,G,72,165.0,4
3084,F-G,79,205.0,3
3085,F,81,240.0,2
3086,G,74,180.0,4
3087,G,73,175.0,4
3088,F,77,210.0,2
3089,G,75,195.0,4
3090,F-G,76,205.0,3
3091,C-F,76,180.0,1
3092,F,77,195.0,2
3093,C-F,80,224.0,1
3094,C-F,85,215.0,1
3095,F,81,222.0,2
3096,C,85,240.0,0
3097,F,80,225.0,2
3098,G,73,175.0,4
3099,G,74,219.0,4
3100,F-G,75,200.0,3
3101,C,84,230.0,0
3102,F-G,74,205.0,3
3103,G,78,215.0,4
3104,F,80,250.0,2
3105,G,76,190.0,4
3106,F-G,78,200.0,3
3107,G,74,185.0,4
3108,G,76,185.0,4
3109,G,72,174.0,4
3110,F,77,210.0,2
3111,C-F,83,235.0,1
3112,F,79,235.0,2
3113,C,81,220.0,0
3114,F-G,72,165.0,3
3115,G,74,175.0,4
3116,F,82,230.0,2
3117,F,81,215.0,2
3118,G,73,170.0,4
3119,G,73,195.0,4
3120,F,80,220.0,2
3121,F-G,74,185.0,3
3122,F,81,238.0,2
3123,C-F,80,230.0,1
3124,F-G,77,225.0,3
3125,F,81,230.0,2
3126,F,77,224.0,2
3127,C,81,225.0,0
3128,F,78,220.0,2
3129,G,74,175.0,4
3130,G,76,200.0,4
3131,G,72,175.0,4
3132,C-F,80,219.0,1
3133,G,74,185.0,4
3134,C-F,83,235.0,1
3135,F-G,80,220.0,3
3136,F-G,78,200.0,3
3137,F-G,78,200.0,3
3138,G,74,185.0,4
3139,F-G,76,174.0,3
3140,C-F,82,237.0,1
3141,G,75,185.0,4
3142,F-G,80,195.0,3
3143,C,86,240.0,0
3144,G,76,185.0,4
3145,G,76,180.0,4
3146,G,75,190.0,4
3147,F-G,76,185.0,3
3148,G,73,165.0,4
3149,G,73,170.0,4
3150,C,84,232.0,0
3151,G,79,220.0,4
3152,C,83,230.0,0
3153,G,76,208.0,4
3154,C-F,79,190.0,1
3155,C,83,307.0,0
3156,C-F,78,220.0,1
3157,C-F,81,225.0,1
3158,G,75,185.0,4
3159,G,74,185.0,4
3160,F,79,245.0,2
3161,G,77,220.0,4
3162,C,82,270.0,0
3163,C,84,240.0,0
3164,C,82,270.0,0
3165,C-F,81,235.0,1
3166,F-G,75,190.0,3
3167,C,86,240.0,0
3168,G,74,200.0,4
3169,C,82,210.0,0
3170,F,79,220.0,2
3171,G,72,150.0,4
3172,G,75,190.0,4
3173,C-F,81,200.0,1
3174,F,80,220.0,2
3175,G,78,195.0,4
3176,F,81,232.0,2
3177,C-F,82,235.0,1
3178,G,77,205.0,4
3179,F,77,210.0,2
3180,C,81,220.0,0
3181,F-G,76,185.0,3
3182,F,79,218.0,2
3183,G,76,190.0,4
3184,C,84,247.0,0
3185,G,77,195.0,4
3186,C-F,82,260.0,1
3187,C-F,81,205.0,1
3188,F-G,75,185.0,3
3189,F-G,78,205.0,3
3190,F,77,195.0,2
3191,G,73,175.0,4
3192,G,76,181.0,4
3193,G,76,180.0,4
3194,F-G,74,195.0,3
3195,F,79,225.0,2
3196,G,75,189.0,4
3197,G,76,175.0,4
3198,G,77,210.0,4
3199,F-G,79,215.0,3
3200,F,80,220.0,2
3201,F-G,79,235.0,3
3202,G,76,205.0,4
3203,F-G,77,200.0,3
3204,F-G,78,215.0,3
3205,F,75,185.0,2
3206,F,81,195.0,2
3207,F,82,245.0,2
3208,F,80,230.0,2
3209,C-F,78,230.0,1
3210,C,85,240.0,0
3211,F-G,80,210.0,3
3212,F,80,220.0,2
3213,C,83,308.0,0
3214,G,79,195.0,4
3215,C,87,256.0,0
3216,C,84,250.0,0
3217,C-F,83,245.0,1
3218,C-F,83,249.0,1
3219,C-F,81,215.0,1
3220,C,89,260.0,0
3221,C,84,248.0,0
3222,G,77,180.0,4
3223,C-F,76,185.0,1
3224,C,83,265.0,0
3225,C-F,79,200.0,1
3226,C-F,83,220.0,1
3227,C-F,81,233.0,1
3228,F-G,79,220.0,3
3229,F,79,220.0,2
3230,F,82,235.0,2
3231,C-F,82,220.0,1
3232,C-F,81,235.0,1
3233,F,79,218.0,2
3234,C-F,80,220.0,1
3235,G,72,170.0,4
3236,F,80,198.0,2
3237,G,75,195.0,4
3238,F,79,205.0,2
3239,F,83,230.0,2
3240,F,77,200.0,2
3241,C-F,87,240.0,1
3242,F-G,80,215.0,3
3243,G,77,215.0,4
3244,F,77,220.0,2
3245,C,82,280.0,0
3246,F,80,240.0,2
3247,C-F,79,220.0,1
3248,C-F,83,240.0,1
3249,F,81,225.0,2
3250,F,79,215.0,2
3251,G,76,215.0,4
3252,F,78,235.0,2
3253,F,79,238.0,2
3254,G,75,170.0,4
3255,F-G,76,195.0,3
3256,F-G,77,185.0,3
3257,G,71,175.0,4
3258,G,74,170.0,4
3259,F-G,79,210.0,3
3260,G,75,183.0,4
3261,G,74,181.0,4
3262,G,73,165.0,4
3263,G,75,195.0,4
3264,G,72,170.0,4
3265,G,75,200.0,4
3266,G,74,190.0,4
3267,G,78,190.0,4
3268,F,75,190.0,2
3269,G,75,185.0,4
3270,F,81,212.0,2
3271,C,81,220.0,0
3272,G,75,180.0,4
3273,F-G,77,204.0,3
3274,G,76,170.0,4
3275,C,85,255.0,0
3276,C-F,79,190.0,1
3277,C-F,78,210.0,1
3278,F,82,245.0,2
3279,G,73,200.0,4
3280,G,73,170.0,4
3281,C-F,85,210.0,1
3282,G,78,195.0,4
3283,F-G,77,215.0,3
3284,G,74,185.0,4
3285,F,80,235.0,2
3286,F,82,220.0,2
3287,C,82,220.0,0
3288,F-G,73,190.0,3
3289,G,76,190.0,4
3290,G,75,205.0,4
3291,C-F,83,225.0,1
3292,F,82,227.0,2
3293,C,87,250.0,0
3294,F,80,235.0,2
3295,G,72,160.0,4
3296,C,84,250.0,0
3297,F,77,210.0,2
3298,F,76,205.0,2
3299,G,74,185.0,4
3300,F,79,190.0,2
3301,G,75,183.0,4
3302,F,80,213.0,2
3303,C,87,275.0,0
3304,F,76,200.0,2
3305,F-G,75,190.0,3
3306,F-G,74,165.0,3
3307,F,80,235.0,2
3308,G,74,185.0,4
3309,C-F,81,250.0,1
3310,F,82,205.0,2
3311,F,82,240.0,2
3312,C-F,81,260.0,1
3313,F-G,78,220.0,3
3314,G,73,170.0,4
3315,G,73,185.0,4
3316,F-G,76,205.0,3
3317,C,84,250.0,0
3318,C-F,78,220.0,1
3319,F-G,78,195.0,3
3320,C,82,230.0,0
3321,C-F,82,225.0,1
3322,G,76,190.0,4
3323,F,80,215.0,2
3324,G,74,190.0,4
3325,C,81,230.0,0
3326,C-F,77,190.0,1
3327,F,80,215.0,2
3328,G,73,180.0,4
3329,G,74,175.0,4
3330,C,83,235.0,0
3331,F-G,75,175.0,3
3332,F,77,210.0,2
3333,C,84,257.0,0
3334,G,75,190.0,4
3335,G,78,220.0,4
3336,F,77,195.0,2
3337,G,76,190.0,4
3338,G,78,188.0,4
3339,C-F,81,215.0,1
3340,F,80,240.0,2
3341,F,77,205.0,2
3342,C-F,82,220.0,1
3343,C-F,81,235.0,1
3344,C,84,275.0,0
3345,G,75,199.0,4
3346,G,74,180.0,4
3347,F,79,210.0,2
3348,G,77,190.0,4
3349,F,80,250.0,2
3350,F,81,247.0,2
3351,F,78,210.0,2
3352,F-G,80,205.0,3
3353,F,80,232.0,2
3354,C,83,255.0,0
3355,F-G,71,165.0,3
3356,F,78,230.0,2
3357,G,75,185.0,4
3358,G,74,185.0,4
3359,F,74,170.0,2
3360,C,83,250.0,0
3361,G,73,195.0,4
3362,C-F,81,225.0,1
3363,G,76,195.0,4
3364,F-G,80,200.0,3
3365,C,82,230.0,0
3366,G,73,170.0,4
3367,F-G,78,225.0,3
3368,F,79,215.0,2
3369,G,78,206.0,4
3370,F,81,270.0,2
3371,G,75,195.0,4
3372,G,78,220.0,4
3373,F-G,78,185.0,3
3374,G,78,200.0,4
3375,G,78,205.0,4
3376,F-G,77,189.0,3
3377,G,77,190.0,4
3378,G,73,180.0,4
3379,G,78,223.0,4
3380,G,77,215.0,4
3381,F,81,225.0,2
3382,C-F,79,215.0,1
3383,G,77,215.0,4
3384,G,76,195.0,4
3385,G,74,175.0,4
3386,F-G,71,180.0,3
3387,F,78,215.0,2
3388,F,76,200.0,2
3389,G,79,210.0,4
3390,C-F,82,225.0,1
3391,F,81,235.0,2
3392,C,84,245.0,0
3393,F-G,76,205.0,3
3394,F,80,195.0,2
3395,G,75,195.0,4
3396,F-G,76,200.0,3
3397,C-F,81,200.0,1
3398,F-G,74,185.0,3
3399,C-F,82,260.0,1
3400,G,76,200.0,4
3401,G,72,170.0,4
3402,G,76,185.0,4
3403,F,75,175.0,2
3404,C-F,80,190.0,1
3405,F-G,79,210.0,3
3406,G,74,180.0,4
3407,C-F,81,231.0,1
3408,F,79,215.0,2
3409,F-G,77,185.0,3
3410,C,81,210.0,0
3411,G,73,173.0,4
3412,C-F,82,218.0,1
3413,F,78,214.0,2
3414,F,81,240.0,2
3415,C-F,80,200.0,1
3416,C,84,285.0,0
3417,G,75,185.0,4
3418,F-G,77,205.0,3
3419,G,77,190.0,4
3420,G,76,195.0,4
3421,C-F,83,230.0,1
3422,F-G,78,210.0,3
3423,G,77,200.0,4
3424,F,81,220.0,2
3425,C-F,82,225.0,1
3426,C,85,235.0,0
3427,F-G,80,210.0,3
3428,G,73,185.0,4
3429,F,79,225.0,2
3430,F-G,78,222.0,3
3431,F,78,210.0,2
3432,F,79,212.0,2
3433,G,74,180.0,4
3434,F-G,75,180.0,3
3435,G,69,180.0,4
3436,G,76,180.0,4
3437,F,80,200.0,2
3438,G,74,195.0,4
3439,F,79,190.0,2
3440,F,82,237.0,2
3441,C-F,79,225.0,1
3442,F,80,217.0,2
3443,G,74,175.0,4
3444,F,79,230.0,2
3445,C-F,82,235.0,1
3446,C-F,81,185.0,1
3447,G,75,170.0,4
3448,G,69,155.0,4
3449,C-F,77,185.0,1
3450,G,72,185.0,4
3451,F,79,210.0,2
3452,G,75,176.0,4
3453,F,79,220.0,2
3454,C-F,83,220.0,1
3455,F,79,195.0,2
3456,C-F,82,225.0,1
3457,G,73,190.0,4
3458,F,79,235.0,2
3459,F,82,235.0,2
3460,F-G,75,185.0,3
3461,F-G,76,195.0,3
3462,G,72,195.0,4
3463,G,72,168.0,4
3464,G,74,185.0,4
3465,C,85,235.0,0
3466,G,73,175.0,4
3467,G,73,186.0,4
3468,F,77,219.0,2
3469,C,82,250.0,0
3470,G,75,190.0,4
3471,F-G,80,210.0,3
3472,F,79,250.0,2
3473,G,77,180.0,4
3474,G,70,165.0,4
3475,F,76,190.0,2
3476,F,76,185.0,2
3477,F-G,77,205.0,3
3478,G,78,195.0,4
3479,F-G,79,206.0,3
3480,C,83,255.0,0
3481,F,80,212.0,2
3482,C,79,215.0,0
3483,G,70,180.0,4
3484,C-F,80,205.0,1
3485,C-F,77,195.0,1
3486,G,77,200.0,4
3487,F,79,225.0,2
3488,C-F,80,250.0,1
3489,G,77,195.0,4
3490,F,81,220.0,2
3491,G,78,215.0,4
3492,F,80,210.0,2
3493,C,82,200.0,0
3494,G,70,155.0,4
3495,C-F,83,245.0,1
3496,G,74,190.0,4
3497,G,76,194.0,4
3498,C-F,83,265.0,1
3499,G,74,180.0,4
3500,F,79,230.0,2
3501,F,82,228.0,2
3502,F,78,205.0,2
3503,F,81,246.0,2
3504,G,73,185.0,4
3505,C-F,82,225.0,1
3506,C-F,81,220.0,1
3507,C-F,82,240.0,1
3508,C-F,81,220.0,1
3509,G,70,165.0,4
3510,C-F,81,240.0,1
3511,F-G,78,220.0,3
3512,G,78,215.0,4
3513,C,82,215.0,0
3514,F,79,225.0,2
3515,F,80,215.0,2
3516,F-G,77,218.0,3
3517,G,77,195.0,4
3518,G,75,180.0,4
3519,F-G,76,190.0,3
3520,G,74,180.0,4
3521,G,77,195.0,4
3522,G,72,170.0,4
3523,C,87,279.0,0
3524,C-F,83,240.0,1
3525,C,84,270.0,0
3526,C,77,240.0,0
3527,G,70,175.0,4
3528,C-F,83,230.0,1
3529,G,79,210.0,4
3530,F,81,220.0,2
3531,C,84,231.0,0
3532,C,84,230.0,0
3533,C,85,245.0,0
3534,F-G,81,214.0,3
3535,C-F,83,235.0,1
3536,C-F,88,228.0,1
3537,F,81,260.0,2
3538,G,76,195.0,4
3539,F,79,240.0,2
3540,F-G,78,200.0,3
3541,F,80,225.0,2
3542,C-F,83,235.0,1
3543,F-G,77,210.0,3
3544,F-G,78,210.0,3
3545,F,78,210.0,2
3546,F,81,215.0,2
3547,C,85,256.0,0
3548,F,77,190.0,2
3549,F,81,215.0,2
3550,F,82,223.0,2
3551,F,79,225.0,2
3552,G,78,200.0,4
3553,G,79,210.0,4
3554,G,74,186.0,4
3555,F-G,74,185.0,3
3556,C-F,79,220.0,1
3557,G,74,175.0,4
3558,F,79,210.0,2
3559,F-G,75,205.0,3
3560,G,78,225.0,4
3561,F,77,195.0,2
3562,F,81,241.0,2
3563,G,76,185.0,4
3564,F,80,208.0,2
3565,G,73,170.0,4
3566,F,72,185.0,2
3567,F-G,72,175.0,3
3568,F,77,200.0,2
3569,G,75,195.0,4
3570,F,74,173.0,2
3571,F,77,200.0,2
3572,F,77,205.0,2
3573,C-F,83,235.0,1
3574,C-F,80,220.0,1
3575,G,72,175.0,4
3576,C-F,81,250.0,1
3577,C,83,240.0,0
3578,G,75,205.0,4
3579,C,85,255.0,0
3580,C,81,212.0,0
3581,C,85,260.0,0
3582,C,82,225.0,0
3583,F-G,76,185.0,3
3584,F,77,200.0,2
3585,C-F,82,210.0,1
3586,F,80,220.0,2
3587,C,79,230.0,0
3588,C-F,81,214.0,1
3589,G,73,172.0,4
3590,C-F,78,200.0,1
3591,F-G,74,192.0,3
3592,G,75,185.0,4
3593,G,78,210.0,4
3594,F,81,240.0,2
3595,G,70,180.0,4
3596,F-G,79,185.0,3
3597,C-F,82,250.0,1
3598,G,75,195.0,4
3599,F-G,77,175.0,3
3600,F,80,229.0,2
3601,F,78,180.0,2
3602,F,80,237.0,2
3603,C-F,81,215.0,1
3604,C,82,250.0,0
3605,F,77,210.0,2
3606,F,77,230.0,2
3607,F,79,188.0,2
3608,F,80,210.0,2
3609,G,77,210.0,4
3610,G,80,190.0,4
3611,F,78,210.0,2
3612,F,81,198.0,2
3613,G,75,190.0,4
3614,F-G,79,220.0,3
3615,C,83,230.0,0
3616,F-G,75,196.0,3
3617,G,74,183.0,4
3618,F-G,77,230.0,3
3619,C-F,84,210.0,1
3620,F-G,76,195.0,3
3621,F-G,70,165.0,3
3622,G,73,175.0,4
3623,F-G,75,180.0,3
3624,F-G,74,190.0,3
3625,C-F,83,230.0,1
3626,G,74,179.0,4
3627,F,81,285.0,2
3628,F,81,225.0,2
3629,G,75,190.0,4
3630,C,87,305.0,0
3631,G,77,185.0,4
3632,F-G,73,180.0,3
3633,G,71,180.0,4
3634,F,77,190.0,2
3635,C-F,82,225.0,1
3636,F-G,75,185.0,3
3637,F,79,220.0,2
3638,G,75,190.0,4
3639,G,72,169.0,4
3640,F-G,71,170.0,3
3641,F-G,74,175.0,3
3642,C,83,235.0,0
3643,G,73,175.0,4
3644,F,81,245.0,2
3645,C,83,235.0,0
3646,F,80,200.0,2
3647,G,78,190.0,4
3648,C,83,260.0,0
3649,F,74,194.0,2
3650,F,74,165.0,2
3651,F,79,210.0,2
3652,C-F,80,240.0,1
3653,F,81,217.0,2
3654,G,70,160.0,4
3655,G,75,190.0,4
3656,F,78,215.0,2
3657,G,74,170.0,4
3658,F-G,73,200.0,3
3659,C-F,82,230.0,1
3660,F,78,200.0,2
3661,F-G,79,210.0,3
3662,G,74,200.0,4
3663,G,74,190.0,4
3664,G,74,170.0,4
3665,C-F,81,235.0,1
3666,G,77,220.0,4
3667,G,78,190.0,4
3668,F,81,230.0,2
3669,F,79,215.0,2
3670,G,74,175.0,4
3671,G,73,168.0,4
3672,C-F,80,215.0,1
3673,F,75,190.0,2
3674,C,85,230.0,0
3675,C-F,83,230.0,1
3676,G,73,180.0,4
3677,C-F,79,220.0,1
3678,G,77,205.0,4
3679,C,83,305.0,0
3680,F,78,225.0,2
3681,F,81,255.0,2
3682,F-G,82,230.0,3
3683,F-G,79,210.0,3
3684,F,81,235.0,2
3685,C-F,80,222.0,1
3686,G,75,190.0,4
3687,G,73,184.0,4
3688,F-G,78,195.0,3
3689,G,77,166.0,4
3690,F,79,210.0,2
3691,G,75,202.0,4
3692,F-G,78,200.0,3
3693,F,81,248.0,2
3694,F-G,77,200.0,3
3695,G,76,235.0,4
3696,F-G,77,220.0,3
3697,C,82,245.0,0
3698,F,79,195.0,2
3699,C,82,248.0,0
3700,G,73,170.0,4
3701,F,80,228.0,2
3702,G,72,185.0,4
3703,F,80,230.0,2
3704,F,80,216.0,2
3705,G,77,175.0,4
3706,G,70,165.0,4
3707,F,80,210.0,2
3708,G,72,185.0,4
3709,G,73,180.0,4
3710,G,75,190.0,4
3711,F,81,255.0,2
3712,F-G,77,195.0,3
3713,G,71,180.0,4
3714,F,78,220.0,2
3715,F,79,215.0,2
3716,C,83,210.0,0
3717,G,77,205.0,4
3718,G,80,215.0,4
3719,G,75,205.0,4
3720,F-G,77,195.0,3
3721,F,82,238.0,2
3722,G,76,200.0,4
3723,G,73,175.0,4
3724,G,76,220.0,4
3725,F-G,73,195.0,3
3726,F-G,75,190.0,3
3727,G,73,180.0,4
3728,G,73,185.0,4
3729,F-G,77,190.0,3
3730,F-G,77,195.0,3
3731,G,76,190.0,4
3732,C-F,82,230.0,1
3733,G,73,160.0,4
3734,G,76,194.0,4
3735,G,75,190.0,4
3736,G,74,200.0,4
3737,F,78,210.0,2
3738,F,79,250.0,2
3739,F,75,180.0,2
3740,G,75,195.0,4
3741,F-G,78,205.0,3
3742,F-G,74,190.0,3
3743,G,72,160.0,4
3744,F-G,79,215.0,3
3745,F,82,220.0,2
3746,F,78,180.0,2
3747,C,84,250.0,0
3748,C-F,81,235.0,1
3749,F,77,195.0,2
3750,C,82,250.0,0
3751,G,72,175.0,4
3752,F-G,78,225.0,3
3753,C,83,250.0,0
3754,C-F,84,245.0,1
3755,G,74,190.0,4
3756,F,81,225.0,2
3757,F,82,225.0,2
3758,C,84,235.0,0
3759,F,81,225.0,2
3760,G,75,180.0,4
3761,F,79,185.0,2
3762,G,75,170.0,4
3763,G,75,200.0,4
3764,C-F,80,215.0,1
3765,C,82,235.0,0
3766,F,82,225.0,2
3767,F,80,230.0,2
3768,F,80,195.0,2
3769,G,74,185.0,4
3770,F-G,77,210.0,3
3771,F,78,205.0,2
3772,G,76,185.0,4
3773,F-G,75,180.0,3
3774,C,82,240.0,0
3775,G,71,165.0,4
3776,G,72,165.0,4
3777,F,79,230.0,2
3778,G,76,200.0,4
3779,G,79,200.0,4
3780,F,80,235.0,2
3781,G,74,208.0,4
3782,F,80,225.0,2
3783,G,75,185.0,4
3784,C,84,220.0,0
3785,G,74,170.0,4
3786,C,88,250.0,0
3787,C,84,250.0,0
3788,F,75,215.0,2
3789,F-G,79,200.0,3
3790,G,75,190.0,4
3791,F-G,77,207.0,3
3792,G,78,225.0,4
3793,F-G,72,180.0,3
3794,G,75,198.0,4
3795,G,75,185.0,4
3796,C-F,81,225.0,1
3797,C-F,80,225.0,1
3798,G,73,185.0,4
3799,G,68,170.0,4
3800,F,81,248.0,2
3801,F,80,225.0,2
3802,F,80,215.0,2
3803,F-G,74,175.0,3
3804,F,82,250.0,2
3805,C,81,225.0,0
3806,F-G,77,190.0,3
3807,G,76,195.0,4
3808,F,80,200.0,2
3809,F,78,218.0,2
3810,G,74,175.0,4
3811,G,77,205.0,4
3812,F,76,200.0,2
3813,C-F,82,255.0,1
3814,F,78,210.0,2
3815,C,84,270.0,0
3816,C,84,265.0,0
3817,F,74,195.0,2
3818,C,84,225.0,0
3819,C-F,83,245.0,1
3820,C,81,220.0,0
3821,F,77,188.0,2
3822,G,77,190.0,4
3823,F,79,230.0,2
3824,C,81,235.0,0
3825,G,74,225.0,4
3826,F,83,215.0,2
3827,F-G,78,218.0,3
3828,G,75,185.0,4
3829,F-G,78,195.0,3
3830,F-G,77,190.0,3
3831,C-F,79,200.0,1
3832,F,73,185.0,2
3833,G,77,170.0,4
3834,G,75,180.0,4
3835,F-G,78,190.0,3
3836,G,78,205.0,4
3837,F,79,205.0,2
3838,F-G,77,180.0,3
3839,F,79,225.0,2
3840,C,84,236.0,0
3841,F-G,77,188.0,3
3842,G,74,175.0,4
3843,F-G,75,185.0,3
3844,F,79,210.0,2
3845,F-G,77,230.0,3
3846,F,82,270.0,2
3847,F-G,77,195.0,3
3848,F-G,77,195.0,3
3849,F,75,185.0,2
3850,G,77,210.0,4
3851,F,78,220.0,2
3852,F,80,239.0,2
3853,F,80,220.0,2
3854,C,82,230.0,0
3855,F,77,205.0,2
3856,C,83,260.0,0
3857,C,83,245.0,0
3858,G,77,208.0,4
3859,G,74,185.0,4
3860,F,77,210.0,2
3861,F,80,220.0,2
3862,G,71,165.0,4
3863,G,73,170.0,4
3864,F-G,81,220.0,3
3865,C,84,264.0,0
3866,C-F,82,220.0,1
3867,C-F,81,263.0,1
3868,C-F,79,232.0,1
3869,G,73,180.0,4
3870,C,79,235.0,0
3871,C,83,255.0,0
3872,F,79,195.0,2
3873,G,78,200.0,4
3874,F-G,78,222.0,3
3875,G,70,171.0,4
3876,G,73,179.0,4
3877,C-F,82,245.0,1
3878,F,76,215.0,2
3879,G,77,201.0,4
3880,C,82,235.0,0
3881,F,81,210.0,2
3882,G,75,210.0,4
3883,F,81,210.0,2
3884,G,75,175.0,4
3885,F,77,200.0,2
3886,F,82,260.0,2
3887,F,80,220.0,2
3888,G,76,190.0,4
3889,F,79,215.0,2
3890,G,72,160.0,4
3891,G,77,210.0,4
3892,F-G,74,185.0,3
3893,F-G,70,170.0,3
3894,C-F,81,225.0,1
3895,F,81,260.0,2
3896,F,80,230.0,2
3897,C-F,83,215.0,1
3898,G,73,180.0,4
3899,C,86,220.0,0
3900,G,74,170.0,4
3901,G,77,200.0,4
3902,F,76,210.0,2
3903,C,80,235.0,0
3904,G,75,190.0,4
3905,G,74,170.0,4
3906,F,79,235.0,2
3907,F,80,220.0,2
3908,F,80,250.0,2
3909,F,78,210.0,2
3910,F,76,215.0,2
3911,F,80,275.0,2
3912,C,84,245.0,0
3913,G,75,204.0,4
3914,F,81,225.0,2
3915,F,77,230.0,2
3916,F,79,225.0,2
3917,G,70,175.0,4
3918,F,81,255.0,2
3919,C,83,230.0,0
3920,F,79,244.0,2
3921,F,78,210.0,2
3922,C,84,245.0,0
3923,G,69,165.0,4
3924,F,82,260.0,2
3925,G,72,160.0,4
3926,C,82,260.0,0
3927,C-F,83,230.0,1
3928,F-G,74,195.0,3
3929,F-G,77,185.0,3
3930,F,80,205.0,2
3931,C,87,260.0,0
3932,G,76,175.0,4
3933,G,74,185.0,4
3934,G,78,180.0,4
3935,G,72,175.0,4
3936,F-G,77,180.0,3
3937,G,75,170.0,4
3938,G,75,190.0,4
3939,G,76,175.0,4
3940,F,79,225.0,2
3941,G,76,210.0,4
3942,F,81,220.0,2
3943,F,80,220.0,2
3944,F,81,260.0,2
3945,G,74,165.0,4
3946,F-G,74,194.0,3
3947,C,85,265.0,0
3948,G,75,185.0,4
3949,F-G,77,180.0,3
3950,F-G,77,195.0,3
3951,G,74,186.0,4
3952,G,74,189.0,4
3953,F,81,242.0,2
3954,G,72,165.0,4
3955,F,80,220.0,2
3956,G,78,195.0,4
3957,G,77,196.0,4
3958,C-F,80,200.0,1
3959,F-G,77,210.0,3
3960,F,78,215.0,2
3961,F-G,76,195.0,3
3962,G,74,185.0,4
3963,C,87,263.0,0
3964,F-G,74,170.0,3
3965,G,73,170.0,4
3966,C,81,215.0,0
3967,G,79,190.0,4
3968,F,79,210.0,2
3969,C-F,79,215.0,1
3970,G,73,160.0,4
3971,F-G,79,195.0,3
3972,F,79,200.0,2
3973,G,76,208.0,4
3974,G,76,175.0,4
3975,G,75,175.0,4
3976,F,81,256.0,2
3977,F,80,225.0,2
3978,G,69,185.0,4
3979,G,73,180.0,4
3980,F,78,215.0,2
3981,F,80,235.0,2
3982,G,75,190.0,4
3983,F,78,205.0,2
3984,F,81,265.0,2
3985,F,79,261.0,2
3986,F,81,230.0,2
3987,F,80,235.0,2
3988,F,81,225.0,2
3989,F,78,215.0,2
3990,F,80,220.0,2
3991,F,82,230.0,2
3992,F,81,215.0,2
3993,G,74,185.0,4
3994,F,82,245.0,2
3995,F-G,78,210.0,3
3996,F,79,195.0,2
3997,G,76,193.0,4
3998,F,80,225.0,2
3999,F-G,76,195.0,3
4000,F-G,79,195.0,3
4001,G,74,200.0,4
4002,F-G,80,206.0,3
4003,G,73,185.0,4
4004,C-F,83,250.0,1
4005,F,82,225.0,2
4006,C-F,83,260.0,1
4007,F-G,79,215.0,3
4008,C-F,82,245.0,1
4009,C-F,82,226.0,1
4010,G,78,211.0,4
4011,F-G,78,210.0,3
4012,G,76,185.0,4
4013,C-F,81,238.0,1
4014,C,82,230.0,0
4015,G,76,195.0,4
4016,F,80,220.0,2
4017,C-F,82,225.0,1
4018,G,76,190.0,4
4019,G,76,205.0,4
4020,G,77,212.0,4
4021,C-F,81,225.0,1
4022,G,74,175.0,4
4023,C-F,83,225.0,1
4024,G,72,175.0,4
4025,F-G,73,190.0,3
4026,G,72,185.0,4
4027,C-F,83,215.0,1
4028,F,76,205.0,2
4029,F,77,205.0,2
4030,G,75,195.0,4
4031,C-F,81,240.0,1
4032,C,84,260.0,0
4033,C-F,77,220.0,1
4034,F,81,225.0,2
4035,C-F,79,235.0,1
4036,C-F,80,240.0,1
4037,F,80,190.0,2
4038,F,80,218.0,2
4039,G,75,178.0,4
4040,G,74,178.0,4
4041,G,73,185.0,4
4042,F-G,78,210.0,3
4043,C-F,78,215.0,1
4044,F,81,210.0,2
4045,F,74,192.0,2
4046,C-F,80,230.0,1
4047,F,78,210.0,2
4048,G,73,175.0,4
4049,F-G,72,185.0,3
4050,F-G,79,197.0,3
4051,G,67,150.0,4
4052,C-F,83,250.0,1
4053,C-F,76,210.0,1
4054,F-G,79,190.0,3
4055,C-F,84,244.0,1
4056,G,75,175.0,4
4057,C-F,80,205.0,1
4058,F,79,210.0,2
4059,F,80,284.0,2
4060,F,80,250.0,2
4061,G,76,200.0,4
4062,C-F,79,215.0,1
4063,F-G,72,170.0,3
4064,F-G,78,220.0,3
4065,C,81,215.0,0
4066,C,86,240.0,0
4067,C,86,285.0,0
4068,F,78,206.0,2
4069,F,77,190.0,2
4070,F,84,225.0,2
4071,F,80,190.0,2
4072,F,78,205.0,2
4073,F,80,220.0,2
4074,F,79,185.0,2
4075,F,78,245.0,2
4076,G,77,193.0,4
4077,F,82,249.0,2
4078,F,81,236.0,2
4079,F,82,220.0,2
4080,G,71,160.0,4
4081,F,79,220.0,2
4082,F-G,77,190.0,3
4083,G,79,220.0,4
4084,F,79,200.0,2
4085,F-G,79,200.0,3
4086,G,74,195.0,4
4087,F-G,76,170.0,3
4088,F-G,77,200.0,3
4089,C-F,81,230.0,1
4090,F,80,245.0,2
4091,C-F,83,243.0,1
4092,G,74,190.0,4
4093,C,83,240.0,0
4094,G,73,175.0,4
4095,F-G,78,210.0,3
4096,G,73,185.0,4
4097,C,82,260.0,0
4098,F-G,79,215.0,3
4099,C-F,80,230.0,1
4100,G,78,204.0,4
4101,C-F,82,240.0,1
4102,F,78,215.0,2
4103,G,75,205.0,4
4104,G,77,183.0,4
4105,G,70,150.0,4
4106,C-F,79,245.0,1
4107,G,76,185.0,4
4108,G,74,180.0,4
4109,F,81,221.0,2
4110,G,75,205.0,4
4111,G,73,185.0,4
4112,C,84,265.0,0
4113,G,73,183.0,4
4114,G,78,212.0,4
4115,F,79,210.0,2
4116,G,75,185.0,4
4117,F-G,77,210.0,3
4118,F-G,77,202.0,3
4119,F-G,75,185.0,3
4120,F-G,79,195.0,3
4121,G,73,170.0,4
4122,F,82,220.0,2
4123,G,73,173.0,4
4124,F,81,210.0,2
4125,F-G,75,195.0,3
4126,F,80,215.0,2
4127,F-G,75,195.0,3
4128,F,80,220.0,2
4129,C,85,255.0,0
4130,G,77,200.0,4
4131,G,72,195.0,4
4132,C,85,260.0,0
4133,C-F,82,273.0,1
4134,F,81,230.0,2
4135,G,78,217.0,4
4136,G,74,190.0,4
4137,C,83,220.0,0
4138,F,81,240.0,2
4139,G,73,190.0,4
4140,G,78,202.0,4
4141,C-F,76,205.0,1
4142,F,81,230.0,2
4143,G,73,190.0,4
4144,F,81,215.0,2
4145,F,83,240.0,2
4146,F,78,195.0,2
4147,F,81,215.0,2
4148,F,83,232.0,2
4149,F,79,220.0,2
4150,G,74,185.0,4
4151,F,80,225.0,2
4152,G,76,190.0,4
4153,F,78,195.0,2
4154,F,81,240.0,2
4155,C-F,76,205.0,1
4156,C,82,218.0,0
4157,F-G,73,170.0,3
4158,F,82,240.0,2
4159,C,83,245.0,0
4160,F,79,210.0,2
4161,C,89,275.0,0
4162,C,86,260.0,0
4163,C,84,220.0,0
4164,C-F,82,220.0,1
4165,C,84,260.0,0
4166,G,79,195.0,4
4167,G,76,220.0,4
4168,G,71,160.0,4
4169,G,77,210.0,4
4170,C-F,78,210.0,1
4171,G,74,200.0,4
4172,G,72,170.0,4
4173,G,77,185.0,4
4174,G,74,190.0,4
4175,G,76,225.0,4
4176,C,83,225.0,0
4177,G,75,175.0,4
4178,C,82,220.0,0
4179,G,76,190.0,4
4180,F,80,224.0,2
4181,C-F,78,205.0,1
4182,F-G,78,212.0,3
4183,G,76,180.0,4
4184,G,72,184.0,4
4185,F,78,220.0,2
4186,F,75,210.0,2
4187,G,75,195.0,4
4188,G,73,172.0,4
4189,F,80,210.0,2
4190,G,75,180.0,4
4191,F,81,240.0,2
4192,F,79,190.0,2
4193,G,76,195.0,4
4194,C-F,81,240.0,1
4195,F,79,215.0,2
4196,F,80,225.0,2
4197,C-F,82,225.0,1
4198,G,73,185.0,4
4199,F,78,220.0,2
4200,G,76,215.0,4
4201,F,80,220.0,2
4202,F,76,195.0,2
4203,F-G,78,205.0,3
4204,G,76,190.0,4
4205,F-G,74,160.0,3
4206,G,71,163.0,4
4207,C-F,83,210.0,1
4208,G,73,189.0,4
4209,G,72,160.0,4
4210,F,80,235.0,2
4211,G,72,170.0,4
4212,G,74,165.0,4
4213,G,74,190.0,4
4214,G,76,195.0,4
4215,F-G,76,195.0,3
4216,G,70,175.0,4
4217,F,79,210.0,2
4218,F-G,77,200.0,3
4219,F-G,77,200.0,3
4220,C-F,81,220.0,1
4221,G,77,190.0,4
4222,F-G,75,180.0,3
4223,F,80,230.0,2
4224,G,76,203.0,4
4225,G,77,195.0,4
4226,F,81,219.0,2
4227,C,83,225.0,0
4228,G,71,175.0,4
4229,G,74,195.0,4
4230,F,80,210.0,2
4231,G,76,195.0,4
4232,G,76,190.0,4
4233,C-F,78,210.0,1
4234,C-F,80,230.0,1
4235,G,74,190.0,4
4236,C-F,83,220.0,1
4237,G,76,190.0,4
4238,C-F,79,215.0,1
4239,C-F,81,227.0,1
4240,C,83,258.0,0
4241,G,72,160.0,4
4242,G,74,175.0,4
4243,G,73,195.0,4
4244,F,79,190.0,2
4245,F,78,210.0,2
4246,G,75,185.0,4
4247,G,73,175.0,4
4248,G,74,200.0,4
4249,F,82,230.0,2
4250,F,82,230.0,2
4251,F,78,240.0,2
4252,F,79,195.0,2
4253,G,78,201.0,4
4254,G,76,170.0,4
4255,C-F,81,255.0,1
4256,G,66,133.0,4
4257,C-F,81,245.0,1
4258,G,74,165.0,4
4259,C,78,225.0,0
4260,F,77,190.0,2
4261,F,80,232.0,2
4262,F-G,79,230.0,3
4263,C,85,225.0,0
4264,F-G,79,215.0,3
4265,F-G,78,205.0,3
4266,F,76,180.0,2
4267,F,81,230.0,2
4268,G,74,180.0,4
4269,G,74,175.0,4
4270,F-G,77,210.0,3
4271,F,77,230.0,2
4272,F,79,200.0,2
4273,G,73,180.0,4
4274,C,84,245.0,0
4275,G,79,208.0,4
4276,C,84,245.0,0
4277,C,85,250.0,0
4278,C,83,250.0,0
4280,G,72,190.0,4
4281,C,83,220.0,0
4282,F,81,250.0,2
4283,G,76,180.0,4
4284,F-G,78,200.0,3
4285,G,74,175.0,4
4286,G,77,210.0,4
4287,C-F,82,230.0,1
4288,G,76,178.0,4
4289,F,80,190.0,2
4290,G,75,200.0,4
4291,G,76,195.0,4
4292,F-G,77,190.0,3
4293,C,82,260.0,0
4294,G,75,177.0,4
4295,G,72,165.0,4
4296,G,73,185.0,4
4297,G,70,165.0,4
4298,G,73,180.0,4
4299,F,81,251.0,2
4300,G,77,190.0,4
4301,F,80,200.0,2
4302,G,74,195.0,4
4303,F-G,76,205.0,3
4304,C-F,81,290.0,1
4305,F-G,79,200.0,3
4306,G,75,190.0,4
4307,F,80,204.0,2
4308,F,80,240.0,2
4309,F,81,238.0,2
4310,F,80,210.0,2
4311,F,80,270.0,2
4312,G,74,195.0,4
4313,G,74,170.0,4
4314,G,75,195.0,4
4315,G,76,213.0,4
4316,C-F,82,220.0,1
4317,G,70,160.0,4
4318,C,84,265.0,0
4319,F,81,240.0,2
4320,G,72,168.0,4
4321,C-F,79,230.0,1
4322,F-G,77,235.0,3
4323,C-F,83,250.0,1
4324,C-F,80,225.0,1
4325,F,76,210.0,2
4326,G,69,155.0,4
4327,F,76,215.0,2
4328,F-G,80,199.0,3
4329,G,76,185.0,4
4330,F,78,195.0,2
4331,G,77,195.0,4
4332,F,82,221.0,2
4333,G,74,165.0,4
4334,C,82,210.0,0
4335,F,79,215.0,2
4336,F,81,200.0,2
4337,G,76,185.0,4
4338,F-G,74,185.0,3
4339,G,73,180.0,4
4340,F-G,78,195.0,3
4341,F-G,78,190.0,3
4342,F,79,195.0,2
4343,F-G,78,225.0,3
4344,F-G,79,200.0,3
4345,C-F,82,220.0,1
4346,F-G,78,185.0,3
4347,C-F,83,230.0,1
4348,F,82,220.0,2
4349,G,70,185.0,4
4350,C-F,81,220.0,1
4351,F,78,200.0,2
4352,C-F,80,260.0,1
4353,G,77,185.0,4
4354,G,73,180.0,4
4355,G,75,175.0,4
4356,F,78,230.0,2
4357,G,78,215.0,4
4358,C-F,80,215.0,1
4359,G,77,225.0,4
4360,G,72,165.0,4
4361,G,74,175.0,4
4362,G,75,180.0,4
4363,G,75,180.0,4
4364,G,74,190.0,4
4365,G,75,200.0,4
4366,F,80,240.0,2
4367,G,74,180.0,4
4368,C-F,79,230.0,1
4369,G,77,190.0,4
4370,F,80,220.0,2
4371,F-G,77,200.0,3
4372,G,75,212.0,4
4373,F-G,76,190.0,3
4374,F,79,235.0,2
4375,G,74,175.0,4
4376,F,81,200.0,2
4377,F,77,210.0,2
4378,C-F,82,242.0,1
4379,C-F,83,215.0,1
4380,G,73,190.0,4
4381,F,81,218.0,2
4382,G,74,195.0,4
4383,C-F,81,240.0,1
4384,F,81,206.0,2
4385,C-F,80,235.0,1
4386,F,82,260.0,2
4387,F,82,225.0,2
4388,F,81,205.0,2
4389,G,74,175.0,4
4390,C-F,81,200.0,1
4391,G,73,175.0,4
4392,G,75,205.0,4
4393,F,79,205.0,2
4394,F,81,237.0,2
4395,G,77,210.0,4
4396,G,74,175.0,4
4397,F,80,255.0,2
4398,G,74,182.0,4
4399,G,73,198.0,4
4400,F,80,225.0,2
4401,F-G,77,215.0,3
4402,F,79,190.0,2
4403,G,75,188.0,4
4404,F-G,79,190.0,3
4405,F,78,205.0,2
4406,G,73,175.0,4
4407,G,74,175.0,4
4408,G,75,188.0,4
4409,G,75,180.0,4
4410,F,80,210.0,2
4411,C-F,82,230.0,1
4412,C-F,82,235.0,1
4413,G,73,201.0,4
4414,F,81,225.0,2
4415,F,81,250.0,2
4416,F-G,79,210.0,3
4417,F,78,220.0,2
4418,F,78,215.0,2
4419,F,79,218.0,2
4420,F-G,80,219.0,3
4421,F,76,195.0,2
4422,F,79,200.0,2
4423,F,79,245.0,2
4424,G,74,185.0,4
4425,F,78,195.0,2
4426,C-F,84,220.0,1
4427,C-F,80,205.0,1
4428,F-G,75,180.0,3
4429,G,76,185.0,4
4430,F,80,215.0,2
4431,G,75,175.0,4
4432,G,75,175.0,4
4433,F,82,234.0,2
4434,C,80,225.0,0
4435,G,74,175.0,4
4436,F,79,230.0,2
4437,F,78,200.0,2
4438,G,70,175.0,4
4439,G,76,175.0,4
4440,F,80,200.0,2
4441,G,72,190.0,4
4442,G,77,200.0,4
4443,G,75,195.0,4
4444,G,77,185.0,4
4445,F,79,210.0,2
4446,F,82,240.0,2
4447,F-G,77,210.0,3
4448,G,73,160.0,4
4449,F,80,215.0,2
4450,G,74,174.0,4
4451,F-G,77,185.0,3
4452,F,80,256.0,2
4453,F,78,210.0,2
4454,G,73,164.0,4
4455,F,79,225.0,2
4456,F,80,225.0,2
4457,C,84,275.0,0
4458,F-G,76,185.0,3
4459,F,80,200.0,2
4460,G,74,170.0,4
4461,F,77,210.0,2
4462,C,84,231.0,0
4463,C,84,235.0,0
4464,F,80,210.0,2
4465,F-G,78,210.0,3
4466,F-G,79,190.0,3
4467,G,74,185.0,4
4468,C-F,83,230.0,1
4469,F,82,270.0,2
4470,G,76,190.0,4
4471,F-G,78,193.0,3
4473,F,83,220.0,2
4474,F,81,227.0,2
4475,F,79,235.0,2
4476,G,75,185.0,4
4477,C-F,85,245.0,1
4478,F,80,221.0,2
4479,G,70,185.0,4
4480,F,79,210.0,2
4481,F-G,77,195.0,3
4482,C,82,225.0,0
4483,F,81,215.0,2
4484,G,74,180.0,4
4485,C-F,81,215.0,1
4486,C-F,79,218.0,1
4487,F,78,260.0,2
4488,G,69,175.0,4
4489,G,77,195.0,4
4490,F,81,225.0,2
4491,F-G,79,210.0,3
4492,G,75,210.0,4
4493,F,83,225.0,2
4494,C-F,82,210.0,1
4495,F,80,226.0,2
4496,G,73,210.0,4
4497,G,77,183.0,4
4498,F-G,81,205.0,3
4499,F,80,220.0,2
4500,G,75,185.0,4
4501,C-F,80,220.0,1
4502,F,80,225.0,2
4503,G,73,160.0,4
4504,F,81,215.0,2
4505,G,74,205.0,4
4506,C-F,83,225.0,1
4507,C,86,270.0,0
4508,C-F,83,260.0,1
4509,G,78,205.0,4
4510,F,78,215.0,2
4511,G,74,180.0,4
4512,F,79,260.0,2
4513,F-G,79,210.0,3
4514,F-G,77,190.0,3
4515,F,79,215.0,2
4516,C,80,235.0,0
4517,F-G,74,190.0,3
4518,F,81,220.0,2
4519,G,75,175.0,4
4520,F-G,78,215.0,3
4521,G,74,180.0,4
4522,F,79,213.0,2
4523,F-G,79,220.0,3
4524,F-G,79,210.0,3
4525,G,77,210.0,4
4526,F,78,220.0,2
4527,F,80,221.0,2
4528,C,84,220.0,0
4529,G,81,205.0,4
4530,F-G,74,170.0,3
4531,C-F,79,215.0,1
4532,C-F,84,240.0,1
4533,G,73,175.0,4
4534,G,75,205.0,4
4535,C-F,76,210.0,1
4536,C,83,245.0,0
4537,C-F,84,253.0,1
4538,F,80,210.0,2
4539,C,82,230.0,0
4540,C,84,255.0,0
4541,C,84,250.0,0
4542,G,75,195.0,4
4543,C,84,240.0,0
4544,F-G,80,215.0,3
4545,C-F,83,250.0,1
4546,C,85,240.0,0
4547,G,73,170.0,4
4548,C,85,265.0,0
4549,F-G,75,195.0,3
